t,x1,x2
0.0,0.0030471707975443137,-0.010399841062404956
0.02002002002002002,-0.016012111058551826,0.029425667183932157
0.04004004004004004,-0.06550333032191454,0.027018244971416867
0.06006006006006006,-0.06611281335413598,0.05689763413662426
0.08008008008008008,-0.08784205804223341,0.07154964080434434
0.10010010010010009,-0.09801076066053722,0.10787801945438957
0.12012012012012012,-0.124086906518831,0.13139253218980046
0.14014014014014015,-0.1367909852768906,0.1315472155113078
0.16016016016016016,-0.15323923528312958,0.15057133415187024
0.18018018018018017,-0.1623109274172309,0.17968092107031763
0.20020020020020018,-0.18578785440180837,0.19339090475616078
0.22022022022022023,-0.18320075497216742,0.21867492539953223
0.24024024024024024,-0.20980855953431393,0.23671890473535798
0.2602602602602603,-0.20888357381500178,0.2639147009039011
0.2802802802802803,-0.21731416865193776,0.2845884903103591
0.3003003003003003,-0.20578562422928104,0.29623615013645416
0.3203203203203203,-0.23658444721842273,0.31218259303784157
0.34034034034034033,-0.22803627559925194,0.3516300632675493
0.36036036036036034,-0.23651982416480646,0.35195879559073506
0.38038038038038036,-0.24323711645011878,0.38688630825862735
0.40040040040040037,-0.22557822295120533,0.40583194308345233
0.42042042042042044,-0.23607111629869623,0.4227420336510877
0.44044044044044045,-0.2230229775532752,0.4426273264077306
0.46046046046046046,-0.20860118792568053,0.46269641594820726
0.4804804804804805,-0.20198862383052346,0.4811562711753694
0.5005005005005005,-0.19567189711297092,0.506813382758886
0.5205205205205206,-0.20123107206303895,0.5173238083569477
0.5405405405405406,-0.17776043973424455,0.5341517620581072
0.5605605605605606,-0.16049746399012693,0.5755099736729046
0.5805805805805806,-0.14937887090935373,0.5902633641264954
0.6006006006006006,-0.13880375715335302,0.5972517503007428
0.6206206206206206,-0.09987856276417774,0.6264828439342135
0.6406406406406406,-0.07219971036544248,0.64857411299264
0.6606606606606606,-0.05888004955314799,0.6560371427340149
0.6806806806806807,-0.021170700003063522,0.6787676374318645
0.7007007007007007,-0.015145526115008197,0.6893678285606659
0.7207207207207207,0.017492534087166164,0.7256923281612583
0.7407407407407407,0.05889360060956005,0.7476455942814185
0.7607607607607607,0.08567648714585055,0.7623461576715278
0.7807807807807807,0.13037095717129465,0.7776873153835784
0.8008008008008007,0.1645223565379741,0.7941815413901342
0.8208208208208209,0.19382245275547852,0.8170034418808376
0.8408408408408409,0.22463532898041425,0.8457105656486968
0.8608608608608609,0.2726644806433142,0.8609858020481379
0.8808808808808809,0.3245346796767916,0.8853461926411803
0.9009009009009009,0.37033181256582304,0.8999160460558067
0.9209209209209209,0.4049540888238024,0.9201237388118569
0.9409409409409409,0.43935579109085415,0.9264698162167101
0.960960960960961,0.4915500287199405,0.9509884926849462
0.980980980980981,0.5587996373300081,0.9719261904273805
1.001001001001001,0.6024915917441033,1.0139932839788617
1.021021021021021,0.6555961691834422,1.028396176705692
1.0410410410410411,0.7040886936887739,1.0389866654623647
1.0610610610610611,0.7595358286217032,1.0576707303020556
1.0810810810810811,0.8343585202401178,1.0638078768491577
1.1011011011011012,0.8884888299445406,1.1034784571244238
1.1211211211211212,0.9376221150759099,1.1066605425772367
1.1411411411411412,1.004892450021815,1.1358462140505032
1.1611611611611612,1.0682512865854972,1.1613796826163956
1.1811811811811812,1.1447974936575214,1.178787624906451
1.2012012012012012,1.1824563798177397,1.2029939575507644
1.2212212212212212,1.2598128762816454,1.2348130969736255
1.2412412412412412,1.331847707340747,1.2448099518327362
1.2612612612612613,1.404926575726158,1.2493736307180328
1.2812812812812813,1.4515563265009734,1.272015521867226
1.3013013013013013,1.5225284028942827,1.2875344398257382
1.3213213213213213,1.6020111038198153,1.3190990943503336
1.3413413413413413,1.6508922056305781,1.3311855505292658
1.3613613613613613,1.7393300108613665,1.369742627040305
1.3813813813813813,1.8273563104922208,1.4105200060414547
1.4014014014014013,1.8832715953442662,1.3915060202010827
1.4214214214214214,1.9300341103753451,1.4240985360448597
1.4414414414414414,2.0158844049479105,1.4372878688396444
1.4614614614614614,2.0909273824244448,1.4600535525972975
1.4814814814814814,2.1810606818727853,1.4830519671559348
1.5015015015015014,2.2424273399237977,1.4911449639732433
1.5215215215215214,2.301081917884209,1.516658442430788
1.5415415415415414,2.391249942440256,1.5592208406773402
1.5615615615615615,2.467135063351238,1.571388956671792
1.5815815815815815,2.534910944829812,1.5697321439174112
1.6016016016016015,2.604292786210918,1.5943493409562441
1.6216216216216217,2.709178626849792,1.613407754829378
1.6416416416416417,2.770080280672978,1.6326123698607715
1.6616616616616617,2.844605803780734,1.6655111713227204
1.6816816816816818,2.9070536437128394,1.6812740564203275
1.7017017017017018,2.975079692910001,1.7061624237165225
1.7217217217217218,3.049705552965358,1.7094656640840493
1.7417417417417418,3.1136672481159717,1.743467620918963
1.7617617617617618,3.2139358313781914,1.763361677897496
1.7817817817817818,3.2681081743421547,1.7846400431778073
1.8018018018018018,3.352900495078013,1.8039956268154405
1.8218218218218218,3.4056190055102054,1.8328847089224207
1.8418418418418419,3.4831919243862526,1.8571994017618019
1.8618618618618619,3.549148274424638,1.8496171715446568
1.8818818818818819,3.6012295510651864,1.8983911612041944
1.901901901901902,3.698875801953371,1.9001067097690758
1.921921921921922,3.7436181982744485,1.936536364844344
1.941941941941942,3.8012246491332933,1.9329946717523836
1.961961961961962,3.8825598547479947,1.9580159107333661
1.981981981981982,3.9388467987072264,1.980347552996737
2.002002002002002,4.003939938586366,2.0160768206151394
2.022022022022022,4.061987053940476,2.0284614099547906
2.042042042042042,4.09990471821972,2.041554858022741
2.062062062062062,4.170066368884573,2.049873931457826
2.0820820820820822,4.226536574773543,2.078740847675074
2.1021021021021022,4.299985417599212,2.0888381749247067
2.1221221221221223,4.345293090362477,2.1172804277887867
2.1421421421421423,4.394487290203363,2.152169720395188
2.1621621621621623,4.45450560686948,2.17553614323659
2.1821821821821823,4.497490956095709,2.1752227560654753
2.2022022022022023,4.545229712787554,2.2046271701149145
2.2222222222222223,4.596158320173855,2.2113783414998887
2.2422422422422423,4.640686773302857,2.2445245255436315
2.2622622622622623,4.708785649537309,2.281030708375079
2.2822822822822824,4.717323731438068,2.2794084486667905
2.3023023023023024,4.751861445021128,2.2963952321626677
2.3223223223223224,4.808666096744596,2.3343808585312047
2.3423423423423424,4.835589696658036,2.3358008779416646
2.3623623623623624,4.857118083878577,2.360735703156913
2.3823823823823824,4.902002691001354,2.377087988108722
2.4024024024024024,4.936206807909198,2.401459776859877
2.4224224224224224,4.958048556632268,2.4077519699685124
2.4424424424424425,5.025861531914938,2.4295682166297023
2.4624624624624625,5.020829991734091,2.4808315977456754
2.4824824824824825,5.0863575067145685,2.470766816194229
2.5025025025025025,5.077409979170395,2.5059180580119076
2.5225225225225225,5.120439959469601,2.51265395173824
2.5425425425425425,5.121035622708666,2.55031591830316
2.5625625625625625,5.146448196120213,2.5588010018502616
2.5825825825825826,5.157654757137947,2.5688336244988825
2.6026026026026026,5.171789364260438,2.599938727702513
2.6226226226226226,5.189963641574668,2.6170693504344325
2.6426426426426426,5.204129717003609,2.652769800820841
2.6626626626626626,5.21105300583411,2.6661802267466546
2.6826826826826826,5.218438699231921,2.6826835266135967
2.7027027027027026,5.217437728960772,2.7058676453194357
2.7227227227227226,5.228779632297308,2.7436544058120287
2.7427427427427427,5.248955156575718,2.7466012082683076
2.7627627627627627,5.227448397466179,2.7516386480429285
2.7827827827827827,5.247255901088931,2.785410275034254
2.8028028028028027,5.238840821827417,2.7853569429330607
2.8228228228228227,5.240460719825252,2.8273670262049664
2.8428428428428427,5.215704965584943,2.838127594768343
2.8628628628628627,5.223570673800234,2.8633875308464254
2.8828828828828827,5.210663909790625,2.8818480002022233
2.9029029029029028,5.2022735927057004,2.9044285280239275
2.9229229229229228,5.2093006139108455,2.8972563385136096
2.942942942942943,5.180624089985614,2.944708067156667
2.962962962962963,5.173005001512688,2.95924381714975
2.982982982982983,5.1382078949661345,2.9862629378201238
3.003003003003003,5.157489262967405,2.9876643889538412
3.023023023023023,5.132039124510934,3.019737770791794
3.043043043043043,5.104751836527275,3.0325140579360035
3.063063063063063,5.08279934017871,3.0760635090100523
3.083083083083083,5.071599948793234,3.1004061991371823
3.103103103103103,5.056064420545519,3.1074939698923987
3.123123123123123,5.039171350281515,3.127513054710506
3.143143143143143,5.00641626128204,3.140177433607796
3.163163163163163,4.974207254478436,3.1561889249301602
3.183183183183183,4.957882834697754,3.1714001469520343
3.203203203203203,4.929334500812999,3.2012966926281514
3.2232232232232234,4.905865575008665,3.230731913110536
3.2432432432432434,4.884159356419769,3.25055099015463
3.2632632632632634,4.821229665533369,3.2625937315342814
3.2832832832832834,4.79546437580532,3.2781004848596207
3.3033033033033035,4.791808140462579,3.3096786414122805
3.3233233233233235,4.738534727203403,3.3131861496589194
3.3433433433433435,4.714036448783085,3.3311777418495323
3.3633633633633635,4.674577807317314,3.366483458078876
3.3833833833833835,4.6598582173600125,3.389470998105628
3.4034034034034035,4.591882482693559,3.406447070693706
3.4234234234234235,4.581519116961071,3.4275623262771506
3.4434434434434436,4.562515706396932,3.422811060675396
3.4634634634634636,4.505586704254693,3.469372526691397
3.4834834834834836,4.460452666747368,3.4982429739640186
3.5035035035035036,4.444386655502909,3.5119693433619377
3.5235235235235236,4.39912804444685,3.5316611604231856
3.5435435435435436,4.3793921299469885,3.5458723237449155
3.5635635635635636,4.334691796219113,3.566266995956381
3.5835835835835836,4.287159314425339,3.58210829678118
3.6036036036036037,4.257550561081805,3.6074375422471388
3.6236236236236237,4.232227662351947,3.6130382628038396
3.6436436436436437,4.184035310056338,3.6584581991202336
3.6636636636636637,4.140838646649692,3.6554411634907606
3.6836836836836837,4.1132496874381195,3.692127535588537
3.7037037037037037,4.074284789363921,3.7169933096080734
3.7237237237237237,4.045702036112266,3.732141924392624
3.7437437437437437,4.005685295301419,3.7670202747472046
3.7637637637637638,3.961174732655453,3.7437285408430987
3.7837837837837838,3.942447915342217,3.7792067894742156
3.803803803803804,3.890783456289416,3.816899310652409
3.823823823823824,3.8371238868357245,3.8113073516827622
3.843843843843844,3.8007392132385953,3.8359024809435898
3.863863863863864,3.7849375066035646,3.8691057422919917
3.883883883883884,3.7472953836318754,3.86975622504496
3.903903903903904,3.6856429647430566,3.9044474397578077
3.923923923923924,3.668473706297783,3.92851778164109
3.943943943943944,3.6449095785879613,3.9453263582645306
3.963963963963964,3.610454798585114,3.966256077705115
3.983983983983984,3.5733948750886433,3.976937251355285
4.004004004004004,3.5318274387243624,4.005971764970574
4.024024024024024,3.50765669322267,4.020086612301778
4.044044044044044,3.470798142087912,4.04138565612489
4.064064064064064,3.4308607445413504,4.072359254484305
4.084084084084084,3.378876089092566,4.071119360803337
4.104104104104104,3.3510811537209033,4.080767942905621
4.124124124124124,3.326546189005884,4.131618463121402
4.1441441441441444,3.298237815908551,4.146122044963563
4.1641641641641645,3.2800699479927307,4.177441025486841
4.1841841841841845,3.2369109102177047,4.197720043079879
4.2042042042042045,3.207280405615226,4.19583022196593
4.2242242242242245,3.1695021448742073,4.209418859098574
4.2442442442442445,3.1359787003456123,4.2406640773635
4.2642642642642645,3.1226322761562266,4.2814719625759246
4.2842842842842845,3.070828019323315,4.288212558966884
4.3043043043043046,3.044608356911599,4.309051275188937
4.324324324324325,3.024369922031679,4.306015266065849
4.344344344344345,3.0059253380969655,4.338294337216257
4.364364364364365,2.96255019362768,4.353666840251468
4.384384384384385,2.932868203824169,4.388663288791334
4.404404404404405,2.9093043148549076,4.40769102442723
4.424424424424425,2.8868536393466524,4.437631040979706
4.444444444444445,2.852083457825915,4.429675866275987
4.464464464464465,2.838686235253235,4.461149582743492
4.484484484484485,2.8118743476518286,4.488318255616309
4.504504504504505,2.772328477556692,4.507992263444968
4.524524524524525,2.766243092844061,4.5452943298150625
4.544544544544545,2.7206856941427797,4.546146450477716
4.564564564564565,2.7041626373151533,4.556107954236891
4.584584584584585,2.6702719137716757,4.5843259561050465
4.604604604604605,2.6437367325318175,4.5962709165451106
4.624624624624625,2.598456387894037,4.603894790264712
4.644644644644645,2.5770127756308177,4.6400578917952515
4.664664664664665,2.559151349063021,4.68403697628896
4.684684684684685,2.5470836870752898,4.675063773521268
4.704704704704705,2.5134668119452535,4.7006339223412015
4.724724724724725,2.4811191556184746,4.726577981218878
4.744744744744745,2.46411623283203,4.7413521599059045
4.764764764764765,2.4424949819295803,4.7533453825033405
4.784784784784785,2.40580369354154,4.810761522050743
4.804804804804805,2.381788609421808,4.819136949870867
4.824824824824825,2.3542062205203957,4.830632595778122
4.844844844844845,2.3263543740139796,4.8431407690332025
4.864864864864865,2.2926390906312366,4.869167878454441
4.884884884884885,2.2652936637250902,4.891540737248019
4.904904904904905,2.257883722520073,4.908570218977277
4.924924924924925,2.2172206270249086,4.929464580718012
4.944944944944945,2.1898633776059753,4.9543004161995965
4.964964964964965,2.1473025976302877,4.961608891283778
4.984984984984985,2.1181600286018067,4.970034376682713
5.005005005005005,2.1239292558846765,5.0139568548247215
5.025025025025025,2.07507603078129,5.009999990464616
5.045045045045045,2.0243509546673017,5.039610089965719
5.065065065065065,2.04965929846616,5.069413907779701
5.085085085085085,1.9910409001786245,5.089735887180088
5.105105105105105,1.951921013994476,5.102131871478129
5.125125125125125,1.9391226752641717,5.124264118606915
5.145145145145145,1.9163283622768226,5.148591597407505
5.165165165165165,1.8850838284168034,5.158281442342857
5.185185185185185,1.857040625420668,5.201474554661425
5.205205205205205,1.8076992902730697,5.19632824864806
5.225225225225225,1.799769214265664,5.223311785358274
5.245245245245245,1.7691293792924878,5.240819888126324
5.265265265265265,1.7379887024794396,5.26658012343332
5.285285285285285,1.6940341396651932,5.300932465501984
5.305305305305305,1.6555146698935608,5.295894084346056
5.325325325325325,1.62199573442971,5.329848664831757
5.345345345345345,1.5778440476781461,5.351720054371857
5.365365365365365,1.554809438134791,5.376843491972701
5.385385385385385,1.502630545454301,5.377519727634343
5.405405405405405,1.475771431656982,5.397143110741766
5.425425425425425,1.4608704374445725,5.423633159170928
5.445445445445445,1.4213213516472427,5.443853596731644
5.465465465465465,1.3910642828439819,5.455380105046034
5.485485485485485,1.3609996200720396,5.49211214518934
5.505505505505505,1.3224204619591975,5.511070839933018
5.525525525525525,1.2859254932917659,5.545876258552836
5.545545545545545,1.246249160659809,5.5424747133622
5.565565565565565,1.203527711160205,5.555242938859787
5.585585585585585,1.1623630368255358,5.576697612453276
5.605605605605605,1.13766660798539,5.608948556890582
5.625625625625625,1.1022916028153378,5.617970272851328
5.645645645645645,1.0740513276835382,5.653039772368655
5.665665665665665,1.0266073972640475,5.659136504219019
5.685685685685685,0.9967513784564019,5.687565421560547
5.7057057057057055,0.939782739220256,5.705025903145861
5.7257257257257255,0.9198409369117968,5.7167287778608475
5.7457457457457455,0.882062297699332,5.731197520893168
5.7657657657657655,0.856483811838456,5.77824526561636
5.7857857857857855,0.8035987365493724,5.789420329164177
5.8058058058058055,0.7451005769893851,5.794242329203152
5.8258258258258255,0.729442853059168,5.815104495611557
5.8458458458458455,0.7028423216335647,5.865818811153326
5.865865865865866,0.6474195896212694,5.857491231825014
5.885885885885886,0.625230845884768,5.901997047370882
5.905905905905906,0.5745808331905548,5.908396267128975
5.925925925925926,0.5692184735162144,5.909408334444133
5.945945945945946,0.5027041838921902,5.941709879881337
5.965965965965966,0.4751632977968009,5.974091978843502
5.985985985985986,0.4480219931007763,5.968236365389564
6.006006006006006,0.41641512781916706,6.000230617132449
6.026026026026026,0.3901185544016089,6.019750150661657
6.046046046046046,0.33761686047824746,6.051457362154091
6.066066066066066,0.3187559058801899,6.070547059705428
6.086086086086086,0.2619881001615416,6.091466430485368
6.106106106106106,0.23683158444945404,6.108458867221988
6.126126126126126,0.20192065906868573,6.130589347601556
6.146146146146146,0.17776781891570428,6.133319799643541
6.166166166166166,0.16338008609383806,6.168582611382933
6.186186186186186,0.12128225734625196,6.200697974676396
6.206206206206206,0.09500747169694887,6.206527282945915
6.226226226226226,0.07494661022103521,6.220029566884939
6.246246246246246,0.05070334658654586,6.240911722774599
6.266266266266266,0.01654040755646573,6.2798926926642995
6.286286286286286,-0.014114989047507584,6.262158482976991
6.306306306306306,-0.010957749740752896,6.331799585832376
6.326326326326326,-0.05343163644892259,6.306957945920124
6.346346346346346,-0.07371167837127995,6.3434841168479394
6.366366366366366,-0.09261283742643182,6.355232485947147
6.386386386386386,-0.10386697818381563,6.391631460139247
6.406406406406406,-0.14236188596390226,6.413398373723354
6.426426426426427,-0.12341720086915886,6.428146029750797
6.446446446446447,-0.1625800380462751,6.445026414302371
6.466466466466467,-0.16701981942229305,6.449159750411394
6.486486486486487,-0.18416417946557356,6.482581846991859
6.506506506506507,-0.1786038077402837,6.5047647791684575
6.526526526526527,-0.1902846282174453,6.515489119548707
6.546546546546547,-0.2095500929162268,6.54974054918446
6.566566566566567,-0.23112141972739286,6.5683405277129365
6.586586586586587,-0.21583561654622554,6.583348669543721
6.606606606606607,-0.2489056192792269,6.606430978341833
6.626626626626627,-0.24350575605984465,6.623203217239988
6.646646646646647,-0.23623958035200213,6.629590124486492
6.666666666666667,-0.25094676744495154,6.671487335021922
6.686686686686687,-0.23778720814976217,6.6610392432684815
6.706706706706707,-0.2208652920522688,6.709430404259449
6.726726726726727,-0.2303720616553306,6.713558424616145
6.746746746746747,-0.2077441852449549,6.750240252972351
6.766766766766767,-0.1834796236291368,6.770968652754016
6.786786786786787,-0.19295308612587814,6.785117507485701
6.806806806806807,-0.17649621647942193,6.813057658819289
6.826826826826827,-0.15827990805416217,6.821613597640455
6.846846846846847,-0.15957535932164651,6.842055815137727
6.866866866866867,-0.13002166136973894,6.881850611269835
6.886886886886887,-0.12350581009443329,6.8826391496089565
6.906906906906907,-0.09504051780361893,6.904449291906778
6.926926926926927,-0.06619938320599555,6.904409154020737
6.946946946946947,-0.05980071634077865,6.939122783607333
6.966966966966967,-0.04882826394131272,6.957330582523279
6.986986986986987,-0.007148584510353523,6.984975940441799
7.007007007007007,0.042473219573832745,7.0045564004951
7.027027027027027,0.05208127104852309,7.026457481614892
7.047047047047047,0.10562279105744576,7.037287458885898
7.067067067067067,0.12045144960326605,7.0726525566598095
7.087087087087087,0.1634393376823942,7.093561933994182
7.107107107107107,0.20327213245498127,7.114123743588003
7.127127127127127,0.23245135198514996,7.127006280619245
7.147147147147147,0.28170981278245927,7.134988237906106
7.167167167167167,0.31079716847340255,7.174024657519914
7.187187187187187,0.3671161468582097,7.176964384370714
7.207207207207207,0.4154121427601997,7.2184873957807
7.227227227227227,0.44084367937361807,7.212260840328194
7.247247247247247,0.5032007898863227,7.26185903591445
7.267267267267267,0.5655064793785396,7.274940439671879
7.287287287287287,0.6029715339423076,7.276091928534582
7.307307307307307,0.6719529488716665,7.3078900506166615
7.327327327327327,0.7274389647689686,7.325450617418043
7.347347347347347,0.7805492817665586,7.3489285381963985
7.367367367367367,0.8426641415235275,7.375437450186812
7.387387387387387,0.8770700495903684,7.364914701833979
7.407407407407407,0.9628920789003987,7.419284658340027
7.4274274274274275,1.0034562440806365,7.4088290733619715
7.4474474474474475,1.0765797708367915,7.456755829710953
7.4674674674674675,1.1565871899953082,7.472630443188482
7.4874874874874875,1.198965233827775,7.478556181271639
7.5075075075075075,1.2678706515390559,7.504514860468655
7.5275275275275275,1.3236338286412308,7.548015084036161
7.5475475475475475,1.418570164916593,7.558908034383101
7.5675675675675675,1.4592994659183014,7.57611776081054
7.587587587587588,1.5434981012230706,7.5920130438296285
7.607607607607608,1.6189446638206233,7.61396131903622
7.627627627627628,1.6838936471270671,7.63399669046135
7.647647647647648,1.7505924656843663,7.6298115363505055
7.667667667667668,1.8193028408194691,7.662105748079177
7.687687687687688,1.8774860630512142,7.704505853880696
7.707707707707708,1.9798721442330314,7.721299913710664
7.727727727727728,2.037855430480787,7.741233978937254
7.747747747747748,2.1085113791130863,7.749775720516725
7.767767767767768,2.170852767482373,7.771737680812756
7.787787787787788,2.2560392795152575,7.774761266619443
7.807807807807808,2.328764628456937,7.8070105121692395
7.827827827827828,2.421228304824088,7.836769961112962
7.847847847847848,2.4774197154286086,7.850335720945859
7.867867867867868,2.551817919460779,7.865838728019912
7.887887887887888,2.614581451216898,7.886377369111819
7.907907907907908,2.6918755368685576,7.895404752518676
7.927927927927928,2.7782219729491002,7.93184057452726
7.947947947947948,2.828800144800899,7.946721101572996
7.967967967967968,2.9299080127102566,7.978560205356931
7.987987987987988,3.0031618375909552,7.988377120057002
8.008008008008009,3.0570169210957743,7.997171019734428
8.028028028028029,3.1410319775150444,8.03182082837168
8.048048048048049,3.222076180591215,8.05904784455147
8.068068068068069,3.278940297730583,8.055626009279461
8.088088088088089,3.347519043863859,8.090260400036193
8.108108108108109,3.4184703237718996,8.102329167027332
8.128128128128129,3.4920811006700703,8.123088550714023
8.148148148148149,3.551560080169204,8.151262676491184
8.168168168168169,3.621285006240559,8.170609212057952
8.188188188188189,3.694626164575818,8.176793898177273
8.208208208208209,3.752746193767834,8.222585977607373
8.228228228228229,3.8106289448020396,8.207061683738523
8.248248248248249,3.8673015834447813,8.248539347714015
8.268268268268269,3.9488323664208904,8.267092159714018
8.288288288288289,4.022156111176524,8.26155994395726
8.308308308308309,4.074308721914977,8.323922690326345
8.328328328328329,4.118208485175204,8.32453026321043
8.348348348348349,4.179855027296662,8.339404887887573
8.368368368368369,4.24074013500207,8.382643221205214
8.388388388388389,4.317678499957687,8.385028996137988
8.408408408408409,4.372303646387234,8.408764173178255
8.428428428428429,4.423349910474225,8.427495441931894
8.448448448448449,4.458261642407944,8.452103193174878
8.468468468468469,4.538423981693055,8.476981324216917
8.488488488488489,4.547763342966394,8.498178467191247
8.508508508508509,4.597905909288279,8.503611006679497
8.528528528528529,4.655759472894361,8.52883938440624
8.548548548548549,4.693044431340751,8.548688400767203
8.568568568568569,4.735622449450892,8.57281822754293
8.588588588588589,4.753276126873899,8.595254315274685
8.608608608608609,4.801586329557032,8.594185617253014
8.62862862862863,4.847936792223412,8.629468438661773
8.64864864864865,4.877037804807688,8.656958967225329
8.66866866866867,4.90432641160813,8.664599231180944
8.68868868868869,4.943985634520035,8.688222815985295
8.70870870870871,4.983009554454349,8.698629779212474
8.72872872872873,5.01614182938036,8.729358752412077
8.74874874874875,5.016942244840966,8.729162834344779
8.76876876876877,5.060980753482997,8.766559095590905
8.78878878878879,5.083588239813544,8.788508964223487
8.80880880880881,5.108671300193169,8.818285304907292
8.82882882882883,5.115372980346532,8.817109112899821
8.84884884884885,5.133896275024525,8.851738015520537
8.86886886886887,5.173905507892898,8.864555474486474
8.88888888888889,5.151352193240143,8.871848960262785
8.90890890890891,5.181245967932045,8.903331620033956
8.92892892892893,5.19700265292952,8.929314740158738
8.94894894894895,5.207793033277075,8.959442345054383
8.96896896896897,5.212300345035061,8.960345789374214
8.98898898898899,5.23033928789398,8.973632568289728
9.00900900900901,5.234293003680978,9.010034540846272
9.02902902902903,5.232139883905452,9.044911790100523
9.04904904904905,5.229001688844155,9.06965203075429
9.06906906906907,5.232990251189362,9.056298904619368
9.08908908908909,5.234397392993343,9.078326637085901
9.10910910910911,5.223089923723367,9.113079442109264
9.12912912912913,5.231552409195602,9.122907452126586
9.14914914914915,5.229765077703793,9.16072422672936
9.16916916916917,5.226680591636951,9.174463303240426
9.18918918918919,5.216938445055628,9.170381204909448
9.20920920920921,5.1897008379721035,9.200539156645975
9.22922922922923,5.182267213173468,9.223514737037263
9.24924924924925,5.166258889382017,9.26807099805129
9.26926926926927,5.151751414402768,9.273407192441171
9.28928928928929,5.135369853535274,9.290046422168858
9.30930930930931,5.120746402543079,9.31379254996904
9.32932932932933,5.114117598364321,9.345803269305362
9.34934934934935,5.08615914376218,9.355244818209705
9.36936936936937,5.051009037558458,9.368490601945213
9.38938938938939,5.050268476698927,9.398049075773562
9.40940940940941,5.020260218717792,9.418273349005089
9.42942942942943,4.9992989063485345,9.441432492012023
9.44944944944945,4.972538973735876,9.445892466293738
9.46946946946947,4.947303745116468,9.440163525710942
9.48948948948949,4.921159011871744,9.453005361237341
9.50950950950951,4.87260455975395,9.514027195518919
9.52952952952953,4.866287358956682,9.51790524172813
9.54954954954955,4.825267456630524,9.56325495943569
9.56956956956957,4.797667967827847,9.5919987726936
9.58958958958959,4.771892051738679,9.593669951358402
9.60960960960961,4.756805889436605,9.610919880771544
9.62962962962963,4.698702156519954,9.628532355112688
9.64964964964965,4.6758600381240445,9.636002233127634
9.66966966966967,4.640589746633278,9.662247748729696
9.68968968968969,4.618803987810904,9.690035808431542
9.70970970970971,4.572663878584442,9.708647890403483
9.72972972972973,4.543211801102707,9.735897871726628
9.74974974974975,4.496067332690171,9.739333873423536
9.76976976976977,4.481827617372926,9.765646401047723
9.78978978978979,4.420998040108501,9.79422791688362
9.80980980980981,4.4038912747525965,9.794502657237242
9.82982982982983,4.36538450406375,9.837185660754114
9.84984984984985,4.3304414408833605,9.856169664687464
9.86986986986987,4.2760726087286915,9.873180271419832
9.88988988988989,4.250349971599774,9.885061988302644
9.90990990990991,4.225218177537757,9.924702655016652
9.92992992992993,4.197499956690068,9.943078008644989
9.94994994994995,4.141440379993197,9.953477151580213
9.96996996996997,4.113154914948743,9.971181749462964
9.98998998998999,4.069739478355955,9.998227521308753
10.01001001001001,4.030808050299543,10.002717140646274
10.03003003003003,3.990275703002097,10.036369133807368
10.05005005005005,3.957545998362724,10.053452149818733
10.07007007007007,3.9274130016271505,10.066321655441094
10.09009009009009,3.8915946212789225,10.093878516124674
10.11011011011011,3.8351498382574896,10.124533158021972
10.13013013013013,3.806123200227329,10.113579176698279
10.15015015015015,3.7644995080417534,10.139939698543367
10.17017017017017,3.739496119577505,10.167431665114707
10.19019019019019,3.6998529639610966,10.196387209845016
10.21021021021021,3.6711054500156894,10.213370688916653
10.23023023023023,3.63654371251365,10.236391576910252
10.25025025025025,3.576371491804409,10.246605867727606
10.27027027027027,3.540933678303434,10.270630869538248
10.29029029029029,3.5282643952522217,10.300745613038186
10.31031031031031,3.5060619726691375,10.312338060792834
10.33033033033033,3.4553653587672315,10.335181941455788
10.35035035035035,3.421588810007782,10.350336423835916
10.37037037037037,3.403550045402849,10.364792656910476
10.39039039039039,3.3688926104252195,10.397164404077314
10.41041041041041,3.318765024506424,10.420149351692585
10.43043043043043,3.303107997176177,10.431449689304158
10.45045045045045,3.2566418826024823,10.441858390264695
10.47047047047047,3.227364581749518,10.47589641510339
10.49049049049049,3.191993114971938,10.494865612976689
10.51051051051051,3.1582696951619096,10.508469824666122
10.53053053053053,3.141247886333839,10.55498183198112
10.55055055055055,3.0961641289278927,10.565270696215451
10.57057057057057,3.0815376706261843,10.57468228975073
10.59059059059059,3.0516341413405206,10.595037858772542
10.61061061061061,3.01962700801514,10.625151112425185
10.63063063063063,2.9876055442243916,10.641952976352423
10.65065065065065,2.9570167028579717,10.650048132186637
10.67067067067067,2.924304214151941,10.675220907874145
10.69069069069069,2.92130064228472,10.689917128892482
10.71071071071071,2.876956098969511,10.699564541080031
10.73073073073073,2.8489447973271833,10.714802788133515
10.75075075075075,2.8146453667223743,10.753018611211841
10.77077077077077,2.8097101858687124,10.798862879383066
10.79079079079079,2.763594794269926,10.805143792357246
10.81081081081081,2.745018014659121,10.809298334343346
10.83083083083083,2.7201895835821586,10.83144999566763
10.85085085085085,2.6903976003945145,10.846767519222583
10.87087087087087,2.648872537068973,10.85543461884565
10.89089089089089,2.6430588518806863,10.888123889990034
10.91091091091091,2.604333515487736,10.910995967178142
10.93093093093093,2.5920890834187293,10.932734570361195
10.95095095095095,2.5514838499982444,10.96321388050744
10.97097097097097,2.5477818924267637,10.9759165375242
10.99099099099099,2.515694949939395,11.00341059095913
11.01101101101101,2.491231825812753,11.017152002782137
11.03103103103103,2.459872623490517,11.036227636764496
11.05105105105105,2.4168414668921985,11.058058282619646
11.07107107107107,2.3881314532010225,11.063125076519821
11.09109109109109,2.3885308645606784,11.099493292718032
11.11111111111111,2.3640877545491565,11.108394367274238
11.13113113113113,2.311305100376945,11.128726759160427
11.15115115115115,2.2973395617372963,11.15194103831455
11.17117117117117,2.281008513960387,11.167558466921136
11.19119119119119,2.2463886575614396,11.181304919696844
11.21121121121121,2.2203960654693597,11.211242296713067
11.23123123123123,2.1812316855345597,11.228872937609482
11.25125125125125,2.1595222415675477,11.24854969995788
11.27127127127127,2.151494326439524,11.270286811248193
11.29129129129129,2.103527759387389,11.27031678171519
11.31131131131131,2.0689661795137178,11.308680577066747
11.33133133133133,2.042734603230055,11.345148407265109
11.35135135135135,2.019360380648789,11.364235793844534
11.37137137137137,1.9927643821444239,11.371743649735587
11.391391391391391,1.9621079722186467,11.391429353907606
11.411411411411411,1.9507344755403722,11.388215304143898
11.431431431431431,1.8837755690530378,11.425999723120869
11.451451451451451,1.8738676425852987,11.45835249569909
11.471471471471471,1.8480653332594428,11.467629012342666
11.491491491491491,1.822812692290698,11.501793445523019
11.511511511511511,1.7834223539764065,11.521138087236379
11.531531531531531,1.7529365840095896,11.525916701263702
11.551551551551551,1.7254837483846295,11.552657682777339
11.571571571571571,1.6864809359517186,11.586301107293467
11.591591591591591,1.6295878569816815,11.577414749889995
11.611611611611611,1.609523743080052,11.607979005135922
11.631631631631631,1.5858180336556302,11.6165583751539
11.651651651651651,1.5451581828115641,11.643043234866415
11.671671671671671,1.5459110585698863,11.689689091149143
11.691691691691691,1.4832344615349997,11.688055858788623
11.711711711711711,1.4415710640201416,11.692630407579458
11.731731731731731,1.4173106368136152,11.72175321189929
11.751751751751751,1.3827628893930977,11.735749693261317
11.771771771771771,1.3408509552685322,11.7732580427248
11.791791791791791,1.3167324337583846,11.795966511379211
11.811811811811811,1.2642196492441506,11.820358669113167
11.831831831831831,1.233546664302592,11.838160410977904
11.851851851851851,1.2053534019766583,11.838087976861072
11.871871871871871,1.1660135557884017,11.875525509292508
11.891891891891891,1.1388448799226474,11.890482012917447
11.911911911911911,1.1114170522209326,11.921987019621778
11.931931931931931,1.056782710157324,11.9394331500533
11.951951951951951,1.0418258837882541,11.971556797959781
11.971971971971971,0.9732592520265682,11.9627066408604
11.991991991991991,0.9633773754340859,11.981409181483615
12.012012012012011,0.8982554926812434,12.007150070705022
12.032032032032031,0.8786268710970263,12.03100806496592
12.052052052052051,0.8308819152502727,12.045309927434806
12.072072072072071,0.793275607680262,12.063276975785483
12.092092092092091,0.7863054082600428,12.095067202803946
12.112112112112111,0.7355566032826123,12.107221337430921
12.132132132132131,0.6881712712155906,12.124996592318428
12.152152152152151,0.627030386569187,12.138372059383673
12.172172172172171,0.5991664435626084,12.149674334392655
12.192192192192191,0.5692871886476669,12.205441748986008
12.212212212212211,0.5450427486135326,12.225117849835422
12.232232232232231,0.5141573534648665,12.240057820489383
12.252252252252251,0.46594957348702865,12.257491761794178
12.272272272272271,0.4475443964389123,12.266505799349934
12.292292292292291,0.41157664834314023,12.29795416987804
12.312312312312311,0.36667305837172065,12.301084627989601
12.332332332332332,0.3270165037934262,12.333197387751547
12.352352352352352,0.3093578172125979,12.344427094047772
12.372372372372372,0.27416339970553466,12.378077742733756
12.392392392392392,0.24850856383154604,12.407911193593616
12.412412412412412,0.2241844600604623,12.402399498084845
12.432432432432432,0.198037131052346,12.427122667386874
12.452452452452452,0.1621750534452317,12.453132318712962
12.472472472472472,0.11890812465593027,12.454395503874721
12.492492492492492,0.09343524569312768,12.476898660139435
12.512512512512512,0.07780279613254415,12.527680439083904
12.532532532532532,0.03403672924430583,12.535552239957724
12.552552552552552,0.009564324985085157,12.546267705251184
12.572572572572572,0.00035087473426955503,12.572187189954137
12.592592592592592,-0.01319602983311731,12.587770267805562
12.612612612612612,-0.042745541330115946,12.61358674674219
12.632632632632632,-0.0658377839254919,12.628161056059332
12.652652652652652,-0.09422095801049642,12.651497663859663
12.672672672672672,-0.12085236368392391,12.679293488018489
12.692692692692692,-0.12355646862053864,12.698628239641748
12.712712712712712,-0.13102205502166528,12.727206160725075
12.732732732732732,-0.16520515163844834,12.736463255917073
12.752752752752752,-0.18145343943006692,12.752986305913897
12.772772772772772,-0.19364176259524418,12.788973475864132
12.792792792792792,-0.195067558783305,12.790612501511747
12.812812812812812,-0.19643141645777046,12.791106658714858
12.832832832832834,-0.23674491339265308,12.840791219385032
12.852852852852854,-0.22278023874574868,12.85535731585546
12.872872872872874,-0.24194737119701426,12.87264053576437
12.892892892892894,-0.2124381723981701,12.901134889090851
12.912912912912914,-0.23303264046312008,12.908522373811865
12.932932932932934,-0.23937497328145074,12.911640954040934
12.952952952952954,-0.23197334959334612,12.961407784037773
12.972972972972974,-0.24782669821744618,12.966358804049905
12.992992992992994,-0.23954688265955562,12.983339481044906
13.013013013013014,-0.22170236665231752,12.99216899146313
13.033033033033034,-0.20870638071496986,13.04057158373237
13.053053053053054,-0.20830427750323455,13.028245967953207
13.073073073073074,-0.2050207691362313,13.085402092414101
13.093093093093094,-0.21040757139551075,13.089617858971158
13.113113113113114,-0.18029660227657873,13.121158816128963
13.133133133133134,-0.15940649697911502,13.13717267334049
13.153153153153154,-0.12944290936311323,13.171515411550454
13.173173173173174,-0.11784781092311841,13.1769336168694
13.193193193193194,-0.10966564395190373,13.205097328826131
13.213213213213214,-0.07969156352113149,13.207605671572336
13.233233233233234,-0.04785567377373965,13.217604389779835
13.253253253253254,-0.019170009177596405,13.262927915982504
13.273273273273274,0.009365052950642144,13.257384297631488
13.293293293293294,0.0348028875431421,13.30071358232309
13.313313313313314,0.04857027594497577,13.302565653175137
13.333333333333334,0.10911894793678784,13.336034287675307
13.353353353353354,0.13915916149427773,13.371948301429587
13.373373373373374,0.17608006888540584,13.379952253477706
13.393393393393394,0.23651101072686134,13.39125534781249
13.413413413413414,0.2410706095789505,13.417691377395885
13.433433433433434,0.2947032363571451,13.428166279513972
13.453453453453454,0.3228505840949813,13.476551897674355
13.473473473473474,0.3808791185681011,13.466150619659453
13.493493493493494,0.4327567907478821,13.492402041977881
13.513513513513514,0.4685801983503407,13.519136242232658
13.533533533533534,0.5071987819978417,13.537059805572706
13.553553553553554,0.5897234555632074,13.558215330175527
13.573573573573574,0.6187447478228949,13.568502520769291
13.593593593593594,0.6717204146798047,13.591053966813117
13.613613613613614,0.7267323735886254,13.622776728024359
13.633633633633634,0.7691988018685506,13.642253634137756
13.653653653653654,0.840050942058689,13.657423131510608
13.673673673673674,0.891152414398691,13.686959984342169
13.693693693693694,0.9746703441158696,13.703289598951194
13.713713713713714,1.0080335934141709,13.722004924424375
13.733733733733734,1.0893291514903032,13.717681021262408
13.753753753753754,1.148224979565364,13.757399098644086
13.773773773773774,1.2182582465333502,13.775546387443264
13.793793793793794,1.280834582233112,13.808529907716325
13.813813813813814,1.3563545046168721,13.785143264275987
13.833833833833834,1.407989568826533,13.832187323558395
13.853853853853854,1.4615604036594199,13.854795684436178
13.873873873873874,1.5602827927707468,13.863008195277969
13.893893893893894,1.6206172091173174,13.88473565912093
13.913913913913914,1.6806831263966617,13.928687850255615
13.933933933933934,1.7527628482980262,13.938556058824041
13.953953953953954,1.8108449237865791,13.972577129567902
13.973973973973974,1.9074794733445133,13.972148975547471
13.993993993993994,1.9795754219469353,13.979895799704517
14.014014014014014,2.0584268929321934,14.01077416625905
14.034034034034034,2.1177000823631746,14.02911747788438
14.054054054054054,2.1873735908026215,14.061000760170339
14.074074074074074,2.2694208476755198,14.080591555488105
14.094094094094094,2.340639728053065,14.099226092204866
14.114114114114114,2.410530980764918,14.13641143252821
14.134134134134134,2.4730993515266784,14.146743507369765
14.154154154154154,2.5765257858763557,14.145632566094498
14.174174174174174,2.6591578404654164,14.184129077003627
14.194194194194194,2.7204867004471853,14.194474416064454
14.214214214214214,2.7823466926890363,14.212120125943818
14.234234234234235,2.861943129641584,14.248246096984573
14.254254254254255,2.9330871694597183,14.245139818022881
14.274274274274275,3.0124143007415745,14.283485781738223
14.294294294294295,3.083215249919602,14.301749283359545
14.314314314314315,3.146003917093729,14.305024422643008
14.334334334334335,3.211565541344366,14.317979701849756
14.354354354354355,3.2935854208222484,14.353519866522088
14.374374374374375,3.3571638575720057,14.344818186130924
14.394394394394395,3.418763570488011,14.405602800908426
14.414414414414415,3.493535333543205,14.418020331190982
14.434434434434435,3.5544389384962254,14.448821489258027
14.454454454454455,3.634237474117209,14.45735485841929
14.474474474474475,3.7253847108888265,14.489638875480368
14.494494494494495,3.7645781134325595,14.48856229264579
14.514514514514515,3.8289244071882944,14.51961349699928
14.534534534534535,3.894635636326365,14.530582093084499
14.554554554554555,3.9727935235857914,14.553412455636776
14.574574574574575,4.04243240837854,14.575482000212096
14.594594594594595,4.0974419827367425,14.598167788821701
14.614614614614615,4.148166004969441,14.607368504099437
14.634634634634635,4.18770092270356,14.639231694184785
14.654654654654655,4.262541349292143,14.65505721967466
14.674674674674675,4.294886491440466,14.661072091011782
14.694694694694695,4.3472146513218455,14.677018473565301
14.714714714714715,4.414922705500146,14.725965153931796
14.734734734734735,4.464608626727064,14.712130587161356
14.754754754754755,4.512291649459781,14.753126764788428
14.774774774774775,4.583127373617238,14.76020339564558
14.794794794794795,4.604712197660654,14.81185332160024
14.814814814814815,4.658027319719225,14.82044794554998
14.834834834834835,4.698014196365224,14.838134270221408
14.854854854854855,4.746394552574791,14.846759991665927
14.874874874874875,4.787537232938605,14.86114484470602
14.894894894894895,4.8205471684627454,14.896682304527758
14.914914914914915,4.8479584510344145,14.914688062161659
14.934934934934935,4.883089130111299,14.924217921666317
14.954954954954955,4.919292822679215,14.943915068601239
14.974974974974975,4.957880534208291,14.963474120033451
14.994994994994995,4.991894762645479,14.983180204315707
15.015015015015015,5.0075248419285225,15.008768980932864
15.035035035035035,5.0531357752511505,15.038337934491201
15.055055055055055,5.0627423693804445,15.060042249465752
15.075075075075075,5.067039078360733,15.074643739178667
15.095095095095095,5.129612147872361,15.096418560159123
15.115115115115115,5.130117437201237,15.120596398911538
15.135135135135135,5.156473308310994,15.115160468206236
15.155155155155155,5.147054718654772,15.157258068066017
15.175175175175175,5.171377618498091,15.188295427797375
15.195195195195195,5.188318297192425,15.175849887838064
15.215215215215215,5.190038139316291,15.18771845501891
15.235235235235235,5.209940826994315,15.233351393962591
15.255255255255255,5.215929404486996,15.266044045645552
15.275275275275275,5.238393496125794,15.273571391041713
15.295295295295295,5.209653708619276,15.301468111100219
15.315315315315315,5.239522031204259,15.318409231016885
15.335335335335335,5.245145252894878,15.323687054370724
15.355355355355355,5.255194599200478,15.345761077823937
15.375375375375375,5.240812154287461,15.358501898431241
15.395395395395395,5.220689492478851,15.41055908186265
15.415415415415415,5.222539053669673,15.423814641466743
15.435435435435435,5.22118289873328,15.434385853875433
15.455455455455455,5.224653500127611,15.453088867208937
15.475475475475475,5.183973721799539,15.467443074555959
15.495495495495495,5.196652883604235,15.49945058655912
15.515515515515515,5.163454333392203,15.508272090321434
15.535535535535535,5.159947052278474,15.531880839594393
15.555555555555555,5.137332179695482,15.54927184447436
15.575575575575575,5.127853243981965,15.583290908173195
15.595595595595595,5.126033689353224,15.594137491014708
15.615615615615615,5.095615246015604,15.617014858736006
15.635635635635635,5.071788771961632,15.624167314813961
15.655655655655655,5.049833196481119,15.64930752401594
15.675675675675675,5.0257804818531495,15.677296271266304
15.695695695695695,5.0218286569929145,15.679824712687713
15.715715715715715,4.990873573417472,15.713516357763051
15.735735735735735,4.969141150050232,15.7356063480547
15.755755755755755,4.925345701352183,15.743131862767184
15.775775775775776,4.913422531014323,15.786063584973231
15.795795795795796,4.863363361744115,15.799253061593811
15.815815815815816,4.868948356502638,15.814285557053754
15.835835835835836,4.833310768553083,15.828805145026857
15.855855855855856,4.7966212200887846,15.839646720672775
15.875875875875876,4.743666949095135,15.885303533888129
15.895895895895896,4.725885013848778,15.891340617445861
15.915915915915916,4.689863810605371,15.901816218885077
15.935935935935936,4.669391311712907,15.92864016399458
15.955955955955956,4.641758291368503,15.960481340145751
15.975975975975976,4.607522391058499,15.97836198388526
15.995995995995996,4.585951936901008,15.985320058305547
16.016016016016017,4.535048488943006,16.02734291422121
16.036036036036037,4.513267765325278,16.021818399542592
16.056056056056057,4.462161561307196,16.06963726701473
16.076076076076077,4.43470356658881,16.078028706390874
16.096096096096097,4.391494602977557,16.09225808683902
16.116116116116117,4.360348757393335,16.113592374866272
16.136136136136138,4.320617016153553,16.136922123197287
16.156156156156158,4.277653366069425,16.16147744989497
16.176176176176178,4.276816022809677,16.158406309782915
16.196196196196198,4.214033731122025,16.188594295310008
16.216216216216218,4.179599641018871,16.216681790949497
16.236236236236238,4.144418671461688,16.247991302001324
16.256256256256258,4.101670864267463,16.2675767791404
16.276276276276278,4.03925074866008,16.292180799255437
16.296296296296298,4.029419495485299,16.30707472985375
16.316316316316318,3.976499815820378,16.308008617500263
16.336336336336338,3.953267576435092,16.33616595744296
16.356356356356358,3.91785269493239,16.367201507965657
16.376376376376378,3.8607109194421434,16.38611456709355
16.396396396396398,3.8419362827843564,16.39435857778515
16.416416416416418,3.790802636451791,16.421446903100186
16.436436436436438,3.7452225998901643,16.442920376548823
16.456456456456458,3.7185004163273083,16.456991035582632
16.476476476476478,3.696512604320422,16.488171857949418
16.496496496496498,3.660441450798594,16.489555110885043
16.516516516516518,3.621941188032512,16.529245344204064
16.536536536536538,3.597418251692892,16.532680236721305
16.556556556556558,3.5550198319843944,16.540884785650704
16.576576576576578,3.526889833118659,16.558978419499624
16.596596596596598,3.496445209758466,16.59788281252151
16.616616616616618,3.4790285655604474,16.605615261079375
16.636636636636638,3.420680914213124,16.65461951364587
16.656656656656658,3.4004924105733583,16.64969453614086
16.676676676676678,3.358016235157323,16.67669667024083
16.696696696696698,3.3261245798493118,16.68970989233685
16.716716716716718,3.2902728067654605,16.70073619296395
16.736736736736738,3.2607116940746668,16.741236943470955
16.756756756756758,3.225613920252658,16.74060624785091
16.776776776776778,3.206632854162034,16.780422027156707
16.796796796796798,3.158676045473893,16.79399079232842
16.816816816816818,3.120443790738882,16.806562715539037
16.836836836836838,3.099907588856594,16.849121044959638
16.856856856856858,3.069041031245478,16.863258993450145
16.876876876876878,3.040511585710865,16.879356352485395
16.896896896896898,3.015240025684719,16.905627462897826
16.916916916916918,2.982356875010139,16.901191634416893
16.936936936936938,2.945218641307835,16.93161816199751
16.956956956956958,2.9181523161614487,16.961059077113752
16.976976976976978,2.897850309609791,17.000723042477244
16.996996996996998,2.8572440112885165,16.999033328784098
17.017017017017018,2.8356899651972745,17.012083003613192
17.037037037037038,2.8209535328573403,17.013783323288294
17.057057057057058,2.7946846401116625,17.0760861316798
17.077077077077078,2.7607513462064754,17.079675155645134
17.097097097097098,2.7486811347618207,17.09545756209683
17.117117117117118,2.7059292948656326,17.0943597530799
17.137137137137138,2.691600079454247,17.13600545303985
17.157157157157158,2.648641951693217,17.158423124259937
17.177177177177178,2.626620652979573,17.171892915866025
17.197197197197198,2.6123015002377157,17.18381337308396
17.217217217217218,2.5905674682879836,17.203240355586033
17.237237237237238,2.547379486078672,17.256466699177903
17.25725725725726,2.539230423833408,17.258233297182212
17.27727727727728,2.492521726084203,17.27198455421028
17.2972972972973,2.4766312876093726,17.297672529620694
17.31731731731732,2.4489442758367015,17.317008992176476
17.33733733733734,2.4216282314020554,17.32291754998094
17.35735735735736,2.3924721109457954,17.36650359789723
17.37737737737738,2.357747202976413,17.375481822261985
17.3973973973974,2.336936488226032,17.39851090169138
17.41741741741742,2.3148436997084803,17.432191354067164
17.43743743743744,2.2972670643581066,17.424319405779666
17.45745745745746,2.272242906845195,17.44971093889484
17.47747747747748,2.2329316892152313,17.48061566767855
17.4974974974975,2.206780713833208,17.50642605566073
17.51751751751752,2.176759567688765,17.511328051991605
17.53753753753754,2.1505424033110456,17.531881150053987
17.55755755755756,2.1404800361382392,17.56384552049366
17.57757757757758,2.1187363796800085,17.60025401961657
17.5975975975976,2.0632323590039143,17.59830178887087
17.61761761761762,2.0334215903560366,17.609841558340136
17.63763763763764,2.0102568404657455,17.627066088896257
17.65765765765766,1.977132233204469,17.656214813872456
17.67767767767768,1.946286926757798,17.686098947269056
17.6976976976977,1.9197802734509084,17.725793387398664
17.71771771771772,1.8946404079198405,17.71843789413689
17.73773773773774,1.8560830927312233,17.754798655319014
17.75775775775776,1.8497936656841905,17.76072691646512
17.77777777777778,1.7943678142452637,17.779884446555023
17.7977977977978,1.7655299140672542,17.812421350432533
17.81781781781782,1.7534130616686694,17.818772208202695
17.83783783783784,1.6892011657455204,17.82800367805125
17.85785785785786,1.6883528484610575,17.86998669477509
17.87787787787788,1.6601445244545692,17.861957747855463
17.8978978978979,1.6193151598724544,17.908053050062726
17.91791791791792,1.5666354546733476,17.917838872764186
17.93793793793794,1.5525531542630286,17.934930292089472
17.95795795795796,1.4975713884738375,17.95470097685722
17.97797797797798,1.4787874523618527,17.9764972539325
17.997997997998,1.4420906382564385,17.993567876465583
18.01801801801802,1.4126998622938924,18.022442564067717
18.03803803803804,1.3751415943725829,18.03394154875436
18.05805805805806,1.3439276033219647,18.038848898799106
18.07807807807808,1.312335062192889,18.078072447106848
18.0980980980981,1.2722791744133009,18.107705441174044
18.11811811811812,1.2164441679988383,18.098379779419528
18.13813813813814,1.202589919986881,18.138066969586852
18.15815815815816,1.1652408439164903,18.153536887406435
18.17817817817818,1.1336968304862627,18.18750456660809
18.1981981981982,1.0952549471032544,18.195589913614153
18.21821821821822,1.032569462808601,18.22591058029859
18.23823823823824,1.0289872114458778,18.244683822358077
18.25825825825826,0.9710134748431961,18.264996202194936
18.27827827827828,0.9513967845995701,18.29386644075627
18.2982982982983,0.8969798989747932,18.296033752452857
18.31831831831832,0.8761585260328629,18.3188924190327
18.33833833833834,0.8204810492979374,18.342484501188604
18.35835835835836,0.800462554308503,18.35923798732167
18.37837837837838,0.7599768367992145,18.37579131936152
18.3983983983984,0.7357835699873922,18.389391476561272
18.41841841841842,0.6784942972824219,18.418528273553694
18.43843843843844,0.6567037513243074,18.423464706737494
18.45845845845846,0.5985717673652666,18.43808117338111
18.47847847847848,0.5760106018472078,18.467295420306414
18.4984984984985,0.5361307647969039,18.505112280397416
18.51851851851852,0.4981731554573881,18.520831338745953
18.53853853853854,0.4665638305210201,18.545259681689505
18.55855855855856,0.43967060202668146,18.551639221596812
18.57857857857858,0.3990260603993926,18.589016012555785
18.5985985985986,0.37090889278438555,18.584628978021087
18.61861861861862,0.3403017090162469,18.607772512394256
18.63863863863864,0.3151878438798733,18.64887962703705
18.65865865865866,0.2718647354552197,18.660230987093023
18.67867867867868,0.2354041283778457,18.685463918192678
18.6986986986987,0.2029802739792058,18.7010543974051
18.71871871871872,0.1853057893068822,18.713100653283462
18.73873873873874,0.14106751537235734,18.726795083931496
18.75875875875876,0.10801210859755633,18.740474805644343
18.77877877877878,0.09820664743788082,18.796867924199606
18.7987987987988,0.07827694109105517,18.782537953912534
18.81881881881882,0.04529071060968935,18.833039882318054
18.83883883883884,0.00843499188299773,18.83985331314534
18.85885885885886,-0.031133625196579646,18.861526220538625
18.87887887887888,-0.04472826145680458,18.880875229057995
18.8988988988989,-0.07168474757519534,18.904327481143675
18.91891891891892,-0.06671212280278195,18.91108712030177
18.93893893893894,-0.10807845604617733,18.91737870851344
18.95895895895896,-0.11795636092363104,18.953143019616142
18.97897897897898,-0.1481806645786746,18.983509166542103
18.998998998999,-0.1533086308103621,18.988241639412546
19.01901901901902,-0.16921910308357213,19.029732064408314
19.03903903903904,-0.17120108180714405,19.037738778424053
19.05905905905906,-0.18325661348994685,19.04744993949519
19.07907907907908,-0.1999697941022126,19.080552302383943
19.0990990990991,-0.2144358310125323,19.103453682458674
19.11911911911912,-0.22555451169702798,19.12421732619688
19.13913913913914,-0.2187847443072137,19.109967540332168
19.15915915915916,-0.21746675890405803,19.128682833505632
19.17917917917918,-0.23908423506752846,19.189432659521756
19.1991991991992,-0.23811340127922934,19.184537339374504
19.21921921921922,-0.2463342742197989,19.229488276682424
19.23923923923924,-0.253485986139994,19.25052915024886
19.25925925925926,-0.23209315963565907,19.247335305954834
19.27927927927928,-0.2330226178145436,19.269107035868263
19.2992992992993,-0.2125391409000473,19.306623577396927
19.31931931931932,-0.2307475061280172,19.315283398134127
19.33933933933934,-0.21287238285522941,19.352274439023933
19.35935935935936,-0.2067434316403524,19.37540165040621
19.37937937937938,-0.18088339112337865,19.36776003531558
19.3993993993994,-0.17292774004632547,19.391383210991716
19.41941941941942,-0.16279442940257802,19.420367688016725
19.43943943943944,-0.14450320267763425,19.417635777352057
19.45945945945946,-0.11647477012096577,19.44143089749528
19.47947947947948,-0.09892910095511467,19.470388450593447
19.4994994994995,-0.07712381113847172,19.519509130515402
19.51951951951952,-0.04312728971962431,19.521973229609472
19.53953953953954,-0.035013478468122194,19.53299990820317
19.55955955955956,0.013062553879519725,19.54931427043043
19.57957957957958,0.049859912905460366,19.56755261372057
19.5995995995996,0.06948790642489586,19.593739083199843
19.61961961961962,0.10725954909900219,19.613214718901066
19.63963963963964,0.13785280781554735,19.63727833872186
19.65965965965966,0.16983018710042644,19.66451059834463
19.67967967967968,0.21782166516820967,19.678793540227147
19.6996996996997,0.2510309793038395,19.7076651400049
19.71971971971972,0.29448992537309354,19.71665274684146
19.73973973973974,0.34100185202089806,19.756705606569447
19.75975975975976,0.3712293393687744,19.767458328690314
19.77977977977978,0.41192590519585637,19.781952511362068
19.7997997997998,0.4943537095552601,19.804686485044474
19.81981981981982,0.5295470276761883,19.81421532513179
19.83983983983984,0.5788521562265677,19.837319211685806
19.85985985985986,0.6228145272085381,19.85696110370511
19.87987987987988,0.6861894905575259,19.872207709194573
19.8998998998999,0.7310384719419092,19.886297465523977
19.91991991991992,0.7992322923493204,19.925373152539592
19.93993993993994,0.8551559347652024,19.949591644867226
19.95995995995996,0.9124837073247144,19.963880069333616
19.97997997997998,0.974619933681372,19.9790645797858
20.0,1.027418733789276,20.02214152615792
