t,x,v
0.0,0.006094341595088627,-0.020799682124809912
0.02002002002002002,0.015012366957653775,0.019312262361208622
0.04004004004004004,-0.03899396140323347,-0.024040119579139554
0.06006006006006006,0.0026470460529622883,-0.001818548656045302
0.08008008008008008,-0.00012218603051298546,-0.009053419302704561
0.10010010010010009,0.018005460049189587,0.02805996985683798
0.12012012012012012,0.0020417367219240853,0.04053753629763154
0.14014014014014015,0.01049470622606474,0.007282948972290107
0.16016016016016016,0.009082425672288789,0.012749539010247918
0.18018018018018017,0.019998406837911466,0.039363382691345136
0.20020020020020018,-0.0003672749966197831,0.03614755936932373
0.22022022022022023,0.02887928627792674,0.057041788582978335
0.24024024024024024,-0.002822517427615999,0.06440957354873338
0.2602602602602603,0.017941897295737044,0.09102551618423707
0.2802802802802803,0.017356946078173834,0.10553208677066797
0.3003003003003003,0.054015338925901955,0.10291039387568555
0.3203203203203203,0.0033095234639224785,0.10979886137237072
0.34034034034034033,0.028556004980794192,0.1645898267829265
0.36036036036036034,0.016967453313196712,0.14203086623090283
0.38038038038038036,0.0061123441052872325,0.18954338941524565
0.40040040040040037,0.04118555171091839,0.20595172629991082
0.42042042042042044,0.01710876718638055,0.2191334733618929
0.44044044044044045,0.03724791297948392,0.2390943448875193
0.46046046046046046,0.05725117845731738,0.2602350517699612
0.4804804804804805,0.05873854068392313,0.2789523658706719
0.5005005005005005,0.05672532406156844,0.31284142360861783
0.5205205205205206,0.02804286338966581,0.31719582731588697
0.5405405405405406,0.05449694514953241,0.33492483708049825
0.5605605605605606,0.06560995551560499,0.4024340982827569
0.5805805805805806,0.06150877003247261,0.41743300644789516
0.6006006006006006,0.05339856739995267,0.4175801290397004
0.6206206206206206,0.09907293633536464,0.4628692142556369
0.6406406406406406,0.11934858214942981,0.49451292995993607
0.6606606606606606,0.10801245820486105,0.4975115970081435
0.6806806806806807,0.14257812825706723,0.5316332063497333
0.7007007007007007,0.11091680911780084,0.5420582526316046
0.7207207207207207,0.12964473674092275,0.6044714518958966
0.7407407407407407,0.1630874183927774,0.638656688932323
0.7607607607607607,0.16451089097078309,0.6588254877544755
0.7807807807807807,0.19900624096317882,0.6807384105016441
0.8008008008008007,0.2096988795338524,0.7053938977860508
0.8208208208208209,0.20801015946333962,0.7431141954257542
0.8408408408408409,0.2067091494908114,0.7929869884779683
0.8608608608608609,0.23724681649859014,0.8163502181893517
0.8808808808808809,0.2729197410000982,0.858209720692756
0.9009009009009009,0.29394971862855507,0.8807854715233394
0.9209209209209209,0.2901861852162151,0.9149052097472125
0.9409409409409409,0.28359360191622973,0.9215406549188476
0.960960960960961,0.3102569289537542,0.9647305235920535
0.980980980980981,0.364763416109645,1.0009376303457889
1.001001001001001,0.3699513546939842,1.079552392377302
1.021021021021021,0.39182833916161325,1.1029569987962973
1.0410410410410411,0.40241467479720394,1.1188241644200754
1.0610610610610611,0.424915831767793,1.1509347260157483
1.0810810810810811,0.4842483276806698,1.1579763429339893
1.1011011011011012,0.5003533601776897,1.2320781633922087
1.1211211211211212,0.5047009897527097,1.233164590025776
1.1411411411411412,0.5436409720452693,1.2861878745238242
1.1611611611611612,0.5731598622586305,1.3318043829736823
1.1811811811811812,0.6275410634994397,1.3610352901404066
1.2012012012012012,0.6027228585248846,1.40369614143006
1.2212212212212212,0.6559645756987041,1.4613833943809937
1.2412412412412412,0.6973188985504916,1.4751944312836502
1.2612612612612613,0.7396099987168963,1.4778749864742469
1.2812812812812813,0.7279457996106644,1.5164153269787506
1.3013013013013013,0.7640048814092412,1.5403805735309661
1.3213213213213213,0.8162207870328131,1.5960756537938228
1.3413413413413413,0.8064672110790662,1.6124202408214992
1.3613613613613613,0.8751598464104836,1.6812795757032986
1.3813813813813813,0.9424622219081764,1.754120708652144
1.4014014014014013,0.9450761216498685,1.7068880875802552
1.4214214214214214,0.9290194778741168,1.7623453485976426
1.4414414414414414,0.9908754012713656,1.7784411723157867
1.4614614614614614,1.0309560255745298,1.8131028359403802
1.4814814814814814,1.101159156386302,1.8476114897307088
1.5015015015015014,1.113873600958175,1.8516594362487464
1.5215215215215214,1.121311218356817,1.889867296412814
1.5415415415415414,1.1920256937354115,1.9614610112325717
1.5615615615615615,1.2345266290564023,1.9715235102410988
1.5815815815815815,1.2612631755390618,1.9531631203161708
1.6016016016016015,1.2917670779094195,1.9865476412667888
1.6216216216216217,1.393935132689618,2.0079817376134765
1.6416416416416417,1.4088908788302592,2.028845977122256
1.6616616616616617,1.4519493898441544,2.076207292011749
1.6816816816816818,1.4718053517150966,2.0883768238712284
1.7017017017017018,1.503867181614081,2.117849126029887
1.7217217217217218,1.5502734760448142,2.103175157679495
1.7417417417417418,1.5765901718416528,2.1488952254958615
1.7617617617617618,1.6768517366667448,2.1653691835146907
1.7817817817817818,1.6863424524759432,2.1835550131810715
1.8018018018018018,1.7585834619894154,2.1968125980864857
1.8218218218218218,1.768274061545743,2.2280290836235883
1.8418418418418419,1.829355452083131,2.248963813765641
1.8618618618618619,1.8689683388455345,2.2049473924251672
1.8818818818818819,1.88267599460247,2.2724623512199504
1.901901901901902,1.989436347213776,2.2446562019543794
1.921921921921922,1.9923871293551414,2.2850514769699615
1.941941941941942,2.023137012209015,2.244255328388999
1.961961961961962,2.103485507145416,2.259315017256142
1.981981981981982,2.135945939989684,2.2677048387983847
2.002002002002002,2.188291593130822,2.301579261700698
2.022022022022022,2.2288794126895923,2.2874343904032797
2.042042042042042,2.231600959590714,2.2733587090068728
2.062062062062062,2.3012583779697247,2.2483678771336
2.0820820820820822,2.3460328866176785,2.263089187873491
2.1021021021021022,2.4273134406581782,2.238871377486596
2.1221221221221223,2.4549057931562577,2.2499278326842824
2.1421421421421423,2.4929073045313936,2.272447912320881
2.1621621621621623,2.555231728829975,2.2704777092836075
2.1821821821821823,2.5861999534336615,2.2196900511650393
2.2022022022022023,2.6294162204709557,2.22686767882224
2.2222222222222223,2.6817813241829387,2.187256840530152
2.2422422422422423,2.7241394611941177,2.1989432140410217
2.2622622622622623,2.8164523167123714,2.215846782313553
2.2822822822822824,2.7924743241079653,2.154981523851717
2.3023023023023024,2.8233395349999415,2.129814133200266
2.3223223223223224,2.9015919775516084,2.145116805803182
2.3423423423423424,2.9229413743015322,2.0857541174133387
2.3623623623623624,2.9363613415976157,2.0718812576100545
2.3823823823823824,2.9993529263305363,2.0392987968230516
2.4024024024024024,3.0438371541786,2.021206989666411
2.4224224224224224,3.0664409897971487,1.965404714932868
2.4424424424424425,3.1838186403277375,1.93909726854926
2.4624624624624625,3.1583219734863768,1.9701297339418578
2.4824824824824825,3.2767377402457702,1.8769513679105132
2.5025025025025025,3.248973736603602,1.8726513305472068
2.5225225225225225,3.327907507705871,1.8099686066010274
2.5425425425425425,3.3246843119024363,1.8075887088256204
2.5625625625625625,3.3737719931158496,1.7453093461074298
2.5825825825825826,3.3970866057772975,1.6845839338393558
2.6026026026026026,3.4288547755658376,1.6644678785840765
2.6226226226226226,3.471254942583486,1.6148737397992738
2.6426426426426426,3.5081431804514707,1.600897572048989
2.6626626626626626,3.532999052264623,1.540828066608547
2.6826826826826826,3.5611786117237347,1.4854403770099125
2.7027027027027026,3.5749263609113764,1.4419207082096341
2.7227227227227226,3.6156409947917,1.4261239784474724
2.7427427427427427,3.676240659811648,1.339177220206822
2.7627627627627627,3.655627582121859,1.2549548117045848
2.7827827827827827,3.7197260535255943,1.2267579926510146
2.8028028028028027,3.7293910966502515,1.1294835639419722
2.8228228228228227,3.761064175593054,1.1149243155180795
2.8428428428428427,3.741848021803202,1.0364713711263853
2.8628628628628627,3.7896585155436777,0.9856404218265973
2.8828828828828827,3.797627215723856,0.9198526604182619
2.9029029029029028,3.8162495051742984,0.8609669273249984
2.9229229229229228,3.8672426658690164,0.7412583880871881
2.942942942942943,3.8482787973253365,0.7295019476184935
2.962962962962963,3.8727921457051564,0.6506403564379148
2.982982982982983,3.8442225224370286,0.5954957639999546
3.003003003003003,3.9249921070488187,0.48789043468262117
3.023023023023023,3.9173889793639005,0.4404288010648422
3.043043043043043,3.90710865094186,0.35319892568971367
3.063063063063063,3.9084009013068903,0.326368305685472
3.083083083083083,3.9320074970819054,0.2600049315754084
3.103103103103103,3.9476543559925736,0.1580411768628571
3.123123123123123,3.961202356040046,0.08087903424157442
3.143143143143143,3.943545857462186,-0.012023181553921375
3.163163163163163,3.9274039969939527,-0.09923066567806146
3.183183183183183,3.943356613671311,-0.18900621191516445
3.203203203203203,3.935089619539701,-0.25034587342225756
3.2232232232232234,3.937112677140289,-0.31350941357735096
3.2432432432432434,3.9426955245183826,-0.3967721704974116
3.2632632632632634,3.865769399778392,-0.4964194834846917
3.2832832832832834,3.863014104980361,-0.5899348801059986
3.3033033033033035,3.9042237269422793,-0.6520670804218578
3.3233233233233235,3.8458514894663605,-0.7710629912165302
3.3433433433433435,3.8445886247049397,-0.8617752636982821
3.3633633633633635,3.8128716876208646,-0.9185052642309408
3.3833833833833835,3.8300083293264335,-1.0004783895969147
3.4034034034034035,3.739918228145718,-1.095041380230521
3.4234234234234235,3.7642500084856216,-1.181852478985631
3.4434434434434436,3.770412108410404,-1.3208820388576021
3.4634634634634636,3.699748379994895,-1.3577299156511782
3.4834834834834836,3.651616588134197,-1.430361414449664
3.5035035035035036,3.6604815166608873,-1.5336399134071685
3.5235235235235236,3.609742547975122,-1.6253030983569055
3.5435435435435436,3.60875313768117,-1.728199410671573
3.5635635635635636,3.556464257909987,-1.8189562780807
3.5835835835835836,3.4970680073439424,-1.9190027547863262
3.6036036036036037,3.472006064242283,-2.0002110651489824
3.6236236236236237,3.45393522929051,-2.120968581903747
3.6436436436436437,3.388480035308146,-2.1621338641157393
3.6636636636636637,3.331308703416923,-2.300172954434551
3.6836836836836837,3.3035860934097343,-2.3587584039666667
3.7037037037037037,3.251288649819209,-2.4408912098293554
3.7237237237237237,3.217879176782308,-2.5423171737283154
3.7437437437437437,3.1596751066991215,-2.6040948972701132
3.7637637637637638,3.0905095919043055,-2.7819761566932915
3.7837837837837838,3.0708937495836808,-2.8420327186778556
3.803803803803804,2.9833440791610606,-2.897327686103246
3.823823823823824,2.8897082118719495,-3.0388100647279814
3.843843843843844,2.8284920259079844,-3.119488054116966
3.863863863863864,2.806280849645431,-3.182470758214012
3.883883883883884,2.738200564742044,-3.310031081029473
3.903903903903904,2.6198874659701774,-3.368932994533689
3.923923923923924,2.5883079994716036,-3.448450631047469
3.943943943943944,2.541689134890411,-3.5418166636309074
3.963963963963964,2.4710258302402526,-3.6262161512242694
3.983983983983984,2.3928791245960066,-3.730339351522146
4.004004004004004,2.303437794849597,-3.7969334139015762
4.024024024024024,2.2465072713965184,-3.892495336707968
4.044044044044044,2.1619191490790994,-3.972768462562692
4.064064064064064,2.06889540219164,-4.0327232590961986
4.084084084084084,1.9495067093513292,-4.156087147183853
4.104104104104104,1.8762379738798038,-4.2566076791426255
4.124124124124124,1.807244086668412,-4.2736096092192755
4.1441441441441444,1.7284761138374096,-4.362142592447316
4.1641641641641645,1.6677830497158936,-4.415834095473505
4.1841841841841845,1.554926047137061,-4.490347249239798
4.2042042042042045,1.4669723098279182,-4.60789251457541
4.2242242242242245,1.3606002127244623,-4.693128323943035
4.2442442442442445,1.2606490053471813,-4.7416518017076195
4.2642642642642645,1.1990003387660089,-4.769604525159779
4.2842842842842845,1.0584248535534746,-4.864200549591108
4.3043043043043046,0.9670506531207427,-4.929063622430045
4.324324324324325,0.8857172641596923,-5.040094453597549
4.344344344344345,0.8060989307499995,-5.078868922770134
4.364364364364365,0.6747985083240429,-5.149786315767391
4.384384384384385,0.5691177703721684,-5.179742123877927
4.404404404404405,0.4739636115347019,-5.2398787287534665
4.424424424424425,0.3793857315992817,-5.276391782548172
4.444444444444445,0.25858053446394397,-5.386854471229998
4.464464464464465,0.17899710136587177,-5.416577491844887
4.484484484484485,0.07112641186864596,-5.452988226170626
4.504504504504505,-0.06360187876120016,-5.502426100901152
4.524524524524525,-0.13272849171532533,-5.514606546783667
4.544544544544545,-0.2820462080268931,-5.597647171968202
4.564564564564565,-0.37446837441405373,-5.6603916586249
4.584584584584585,-0.5027234162841948,-5.684508883564296
4.604604604604605,-0.617287915551991,-5.739021820579291
4.624624624624625,-0.7702848888289555,-5.799991264624271
4.644644644644645,-0.8764707818043946,-5.801662125816233
4.664664664664665,-0.9762738071342189,-5.785447285249419
4.684684684684685,-1.0651888503916005,-5.872850552822593
4.704704704704705,-1.1978190636278123,-5.888848816874832
4.724724724724725,-1.3284440711612904,-5.901750043412002
4.744744744744745,-1.4288286496361708,-5.934611836642585
4.764764764764765,-1.538814110302958,-5.970627328237096
4.784784784784785,-1.6792187244291423,-5.913360731479482
4.804804804804805,-1.7944645272749327,-5.951712260807865
4.824824824824825,-1.9169530067307299,-5.981334028202803
4.844844844844845,-2.0400029468951324,-6.006416423839393
4.864864864864865,-2.1747168114839344,-6.0019226901724645
4.884884884884885,-2.2965427459679475,-6.002176330648149
4.904904904904905,-2.3782645677439342,-6.010533817509514
4.924924924924925,-2.526175136144799,-6.008557957999995
4.944944944944945,-2.647072700535386,-5.996076007224206
4.964964964964965,-2.797892964837264,-6.0160072128233475
4.984984984984985,-2.921310151646269,-6.031045562192463
5.005005005005005,-2.9742558067181877,-5.972414986957414
5.025025025025025,-3.135718165917169,-6.006853233773601
5.045045045045045,-3.3001170246450098,-5.971453958990329
5.065065065065065,-3.3115641581268878,-5.932951131671086
5.085085085085085,-3.489903549300475,-5.910684561616117
5.105105105105105,-3.6282098408028514,-5.901532490228069
5.125125125125125,-3.7127637258736996,-5.870161574557332
5.145145145145145,-3.816128729074304,-5.831646302504994
5.165165165165165,-3.9351436792268433,-5.819646096070028
5.185185185185185,-4.0464377018822155,-5.737874119382723
5.205205205205205,-4.198943875696854,-5.7500119926640005
5.225225225225225,-4.267179671917949,-5.695118736312252
5.245245245245245,-4.379325506914194,-5.656403747427607
5.265265265265265,-4.490904195929161,-5.598412043327266
5.285285285285285,-4.626484803246353,-5.520465142568641
5.305305305305305,-4.7495147147222365,-5.518531493552768
5.325325325325325,-4.860810789657616,-5.435847840433807
5.345345345345345,-4.991589872283639,-5.374571936500859
5.365365365365365,-5.078305128504786,-5.304040087956599
5.385385385385385,-5.2214347347124495,-5.27965891780525
5.405405405405405,-5.312008691002886,-5.2146491964121
5.425425425425425,-5.376711151403902,-5.1331827023429675
5.445445445445445,-5.488718102873221,-5.061544148640703
5.465465465465465,-5.580115657101408,-5.004595685042771
5.485485485485485,-5.66907222772601,-4.894553250981579
5.505505505505505,-5.772973639509655,-4.817390810521618
5.525525525525525,-5.870597376060429,-4.705885787368075
5.545545545545545,-5.972452270874448,-4.6681644654946215
5.565565565565565,-6.078246450356677,-4.595493628250376
5.585585585585585,-6.178759663076445,-4.5028615201747755
5.605605605605605,-6.24415539033466,-4.386071433531155
5.625625625625625,-6.328716607714835,-4.313198638176874
5.645645645645645,-6.3968089101097565,-4.185714716601067
5.665665665665665,-6.501104112885012,-4.113687702553574
5.685685685685685,-6.5680169882938735,-3.994535938180967
5.7057057057057055,-6.686949379574031,-3.8948902320875374
5.7257257257257255,-6.7296259354530195,-3.804359797896142
5.7457457457457455,-6.80578040739083,-3.7059298515456254
5.7657657657657655,-6.855347909585893,-3.540007586608421
5.7857857857857855,-6.957353679551477,-3.4435311090128473
5.8058058058058055,-7.068425142760101,-3.3574971904860584
5.8258258258258255,-7.0916723730727504,-3.2371566428740666
5.8458458458458455,-7.1346814893782255,-3.0549240206058164
5.865865865865866,-7.233233470781488,-2.9886271648244382
5.885885885885886,-7.26324050130743,-2.8145564785775483
5.905905905905906,-7.348120019234542,-2.714634136301527
5.925925925925926,-7.3404034892113925,-2.623464638532597
5.945945945945946,-7.453001624270833,-2.4677393000242183
5.965965965965966,-7.485697502038762,-2.309921712352792
5.985985985985986,-7.515674560957097,-2.2266952997772096
6.006006006006006,-7.552700850153023,-2.065932941657105
6.026026026026026,-7.577264428308542,-1.9283329557344
6.046046046046046,-7.652437729757015,-1.7646208017238103
6.066066066066066,-7.658572421402195,-1.6244582051759706
6.086086086086086,-7.738808681424311,-1.4790031941868693
6.106106106106106,-7.754156776433669,-1.3398224338220037
6.126126126126126,-7.787396198872821,-1.1888404490293385
6.146146146146146,-7.797551419828366,-1.0751888655522943
6.166166166166166,-7.786659147172566,-0.895059379075497
6.186186186186186,-7.829721652316692,-0.7198690402404341
6.206206206206206,-7.839725630778473,-0.5959534369869497
6.226226226226226,-7.835943296372195,-0.4554538064865099
6.246246246246246,-7.839222155342283,-0.2990165467975123
6.266266266266266,-7.8610923241968,-0.10526484069534334
6.286286286286286,-7.874755575917357,-0.023888589797394798
6.306306306306306,-7.819658540310043,0.23323045202978607
6.326326326326326,-7.8547459901598655,0.30231263474611947
6.346346346346346,-7.844425560241111,0.4949947553561972
6.366366366366366,-7.8303849304098945,0.6389205275287759
6.386386386386386,-7.800145757432198,0.8328809863575547
6.406406406406406,-7.823541552625257,0.9982443242623334
6.426426426426427,-7.731269451924006,1.1501690071165518
6.446446446446447,-7.754481285537241,1.3068912266637571
6.466466466466467,-7.70757322832742,1.4385830369847348
6.486486486486487,-7.68545748847392,1.6292470849875684
6.506506506506507,-7.617371890829702,1.7977579921080333
6.526526526526527,-7.583264067804849,1.9436068561875899
6.546546546546547,-7.563876003073186,2.1366944949260875
6.566566566566567,-7.548704449627485,2.2985928192618448
6.586586586586587,-7.459476838754334,2.4533496202742744
6.606606606606607,-7.4666714460435415,2.6242250589843663
6.626626626626627,-7.396688216490774,2.7823784494094883
6.646646646646647,-7.322784421249786,2.919586714752163
6.666666666666667,-7.292688315130387,3.1275682591664005
6.686686686686687,-7.206767259411166,3.230538736704662
6.706706706706707,-7.113276146116788,3.45079387301513
6.726726726726727,-7.072641690333844,3.582055286131488
6.746746746746747,-6.967780324783179,3.7778831043251984
6.766766766766767,-6.859729422540601,3.941188932104861
6.786786786786787,-6.81927814362249,4.090646506300622
6.806806806806807,-6.727127718416166,4.266923402782105
6.826826826826827,-6.631656079384124,4.4035944421652715
6.846846846846847,-6.57543989516766,4.563126440922734
6.866866866866867,-6.457789691564242,4.760377854664325
6.886886886886887,-6.386509807558448,4.878556913970941
6.906906906906907,-6.271653974974192,5.037645344473227
6.926926926926927,-6.156395656544758,5.1518255022279735
6.946946946946947,-6.086395647167438,5.334231757337654
6.966966966966967,-6.007643479669362,5.482271390514973
6.986986986986987,-5.867892151021671,5.6477578824486505
7.007007007007007,-5.712689563498195,5.795613274272182
7.027027027027027,-5.637962975587555,5.946535864492168
7.047047047047047,-5.475831252466379,6.073669791414974
7.067067067067067,-5.391598136456123,6.248155448306034
7.087087087087087,-5.251528286547562,6.3919395069487495
7.107107107107107,-5.118256988192041,6.5331670574436655
7.127127127127127,-5.006785642005887,6.6571039338592
7.147147147147147,-4.855650830762923,6.769237277163319
7.167167167167167,-4.74535324795932,6.941407461140417
7.187187187187187,-4.581085282351882,7.039243026534069
7.207207207207207,-4.433351799964792,7.212035391546506
7.227227227227227,-4.331829323573827,7.287050953811864
7.247247247247247,-4.156929276236558,7.4713711122887485
7.267267267267267,-3.982595035262936,7.580246256465362
7.287287287287287,-3.8583924016486795,7.662784353530637
7.307307307307307,-3.6715927474640053,7.804073475762011
7.327327327327327,-3.512203053595138,7.914281032144565
7.347347347347347,-3.3579655475072836,8.033653464154346
7.367367367367367,-3.186099530839675,8.156355530219775
7.387387387387387,-3.070009959104918,8.202200317371535
7.407407407407407,-2.851422977062952,8.374975878968467
7.4274274274274275,-2.7236611891638653,8.41518600237979
7.4474474474474475,-2.5310632881066364,8.569187733737115
7.4674674674674675,-2.3249518595860543,8.656054410298637
7.4874874874874875,-2.194323607807293,8.719935923460271
7.5075075075075075,-2.0108338963767975,8.820740354614824
7.5275275275275275,-1.8537895206405766,8.95343047247805
7.5475475475475475,-1.6185261777843143,9.017655346099692
7.5675675675675675,-1.491769679844422,9.091210957667396
7.587587587587588,-1.2781316473095983,9.15878395052327
7.607607607607608,-1.0820183941349018,9.235059509517837
7.627627627627628,-0.9068835796608181,9.304057416862163
7.647647647647648,-0.7281944247967425,9.32111528522059
7.667667667667668,-0.5453889530103508,9.407587068964197
7.687687687687688,-0.3835054629385369,9.510681332931236
7.707707707707708,-0.13304444739866594,9.55893106946894
7.727727727727728,0.02882262299699317,9.609786644423668
7.747747747747748,0.21628658136801654,9.63414307502959
7.767767767767768,0.3874129534351639,9.681586561391597
7.787787787787788,0.60456114132221,9.687362492502675
7.807807807807808,0.797158448032112,9.747762998415208
7.827827827827828,1.0296435472385332,9.799322733898556
7.847847847847848,1.1900344998553614,9.814601011409124
7.867867867867868,1.3873281640874136,9.829828350791407
7.887887887887888,1.5618798665902887,9.851171743397309
7.907907907907908,1.766057642144116,9.845509215203618
7.927927927927928,1.9889419235226053,9.890653576887052
7.947947947947948,2.1409273700133338,9.88865240996929
7.967967967967968,2.394644717487874,9.916510151712215
7.987987987987988,2.5933602660969655,9.89624362949034
8.008008008008009,2.754017252990282,9.869831231206602
8.028028028028029,2.9757644102947554,9.891012540542919
8.048048048048049,3.192369999095606,9.893213604005494
8.068068068068069,3.3614438528528905,9.829967478127605
8.088088088088089,3.5548021183875576,9.83867123370936
8.108108108108109,3.75378573804877,9.798069840691285
8.128128128128129,3.958991916157009,9.770666214661285
8.148148148148149,4.136859546261738,9.75390082004597
8.168168168168169,4.33616352663904,9.715282993194487
8.188188188188189,4.54366175183677,9.646140015667633
8.208208208208209,4.721694788498202,9.652007981552982
8.228228228228229,4.9002434375942725,9.531038781535637
8.248248248248249,5.077372851241627,9.519870327460058
8.268268268268269,5.305228021296919,9.45865207996411
8.288288288288289,5.517684547036986,9.345068604962432
8.308308308308309,5.688817730411703,9.363086644103621
8.328328328328329,5.8444652042915335,9.253414534023317
8.348348348348349,6.036624630088889,9.168107185382743
8.368368368368369,6.228275408298739,9.135370227285874
8.388388388388389,6.453040013226634,9.01678529549285
8.408408408408409,6.634175778754203,8.936772340758557
8.428428428428429,6.809138910430944,8.842642630625464
8.448448448448449,6.952802921000893,8.756176690746678
8.468468468468469,7.187920013241446,8.666183919956838
8.488488488488489,7.2823221245783305,8.564785041070367
8.508508508508509,7.459237831786772,8.427838131605155
8.528528528528529,7.652455974392818,8.326491236017425
8.548548548548549,7.805387703204877,8.210422958810092
8.568568568568569,7.969723836173751,8.098984483559619
8.588588588588589,8.084994177170381,7.980259388927692
8.608608608608609,8.26232210611115,7.8106600828121575
8.62862862862863,8.436433880069728,7.70993549203996
8.64864864864865,8.576705953047735,7.589836123359388
8.66866866866867,8.713965423570723,7.4262859620446395
8.68868868868869,8.876528513250369,7.290993894096038
8.70870870870871,9.038330750444432,7.125603534229778
8.72872872872873,9.188804063315917,6.997237409164566
8.74874874874875,9.275009910660872,6.8034487298311275
8.76876876876877,9.448027309546752,6.681320397321543
8.78878878878879,9.578454538233064,6.5248257511159755
8.80880880880881,9.714038752515888,6.380562709674128
8.82882882882883,9.812997479531527,6.171027153710295
8.84884884884885,9.935665665364116,6.029789903546679
8.86886886886887,10.101298469362316,5.84167510284578
8.88888888888889,10.141723142242165,5.639316561077412
8.90890890890891,10.286880882327287,5.482201061302893
8.92892892892893,10.403523036921563,5.311013261288998
8.94894894894895,10.509908895316117,5.145104883411126
8.96896896896897,10.603320706801112,4.917803867767835
8.98898898898899,10.723301737899636,4.712391967117658
9.00900900900901,10.814530247037142,4.5504011837909335
9.02902902902903,10.892873215045226,4.382621454847076
9.04904904904905,10.968482903207976,4.191899441452164
9.06906906906907,11.057490048147647,3.9223951073360674
9.08908908908909,11.140384108305705,3.721130992095154
9.10910910910911,11.196803328946197,3.542870996889247
9.12912912912913,11.291620300195998,3.312392227596494
9.14914914914915,11.36469780848055,3.1355999683386586
9.16916916916917,11.433842550460373,2.908440761740993
9.18918918918919,11.488234189868214,2.6435084012752927
9.20920920920921,11.506097038104608,2.44500731783267
9.22922922922923,11.561929505141975,2.2301758665243203
9.24924924924925,11.598873405382344,2.056624529708539
9.26926926926927,11.636978689557385,1.802837333925678
9.28928928928929,11.66939408406579,1.5699471264830986
9.30930930930931,11.703282713051001,1.3496493522089068
9.32932932932933,11.751016389617568,1.1443481668024043
9.34934934934935,11.7538456643575,0.8924658307429179
9.36936936936937,11.739946183715517,0.6468399118562979
9.38938938938939,11.792420508850793,0.43257902610692484
9.40940940940941,11.78381488861517,0.19848199853506623
9.42942942942943,11.790660286835152,-0.030819550864264553
9.44944944944945,11.783168115003827,-0.29849938954297195
9.46946946946947,11.775888788701977,-0.5874419055392429
9.48948948948949,11.76385900614341,-0.8400318561828335
9.50950950950951,11.703984817351325,-0.9969542188368103
9.52952952952953,11.725468042824382,-1.2687593102447514
9.54954954954955,11.674338426488692,-1.4581183181213573
9.56956956956957,11.646753546052345,-1.6810878987917293
9.58958958958959,11.619433110886414,-1.958502463719873
9.60960960960961,11.610025028158606,-2.204959670063222
9.62962962962963,11.511032360066313,-2.4507918867418996
9.64964964964965,11.478933392506462,-2.7169089145053213
9.66966966966967,11.418271018281573,-2.9453734117980788
9.68968968968969,11.380795592178202,-3.1705503442057066
9.70970970970971,11.290757093470692,-3.4137752184923493
9.72972972972973,11.230170919514846,-3.6393184862500187
9.74974974974975,11.13020974952217,-3.9119818823460872
9.76976976976977,11.092004327340572,-4.138282194156281
9.78978978978979,10.95650512095253,-4.35933216453534
9.80980980980981,10.904280336494185,-4.636180886649002
9.82982982982983,10.805030648083866,-4.827295808914257
9.84984984984985,10.70863330141349,-5.064788976050394
9.86986986986987,10.569062675921398,-5.305106735739963
9.88988988988989,10.482419565785513,-5.554457720365967
9.90990990990991,10.392553933142183,-5.746964018061444
9.92992992992993,10.29307562376721,-5.980572094904821
9.94994994994995,10.132443106741928,-6.228601912026515
9.96996996996997,10.022859643884528,-6.4603885553961184
9.98998998998999,9.878493387137967,-6.67175931612703
10.01001001001001,9.738552602987705,-6.926407932736788
10.03003003003003,9.59085191703359,-7.120796822578587
10.05005005005005,9.45418707718876,-7.346288606963238
10.07007007007007,9.31813907779774,-7.578072759639962
10.09009009009009,9.166140917205139,-7.778248475008351
10.11011011011011,8.968312037971051,-7.969896411038415
10.13013013013013,8.82074730520937,-8.242331506712848
10.15015015015015,8.643426408642584,-8.43761029040558
10.17017017017017,8.494798577111291,-8.628002378797165
10.19019019019019,8.312362530509915,-8.812747756392588
10.21021021021021,8.14721236865338,-9.018622745038387
10.23023023023023,7.965956043564087,-9.209514279794636
10.25025025025025,7.729033104979034,-9.423017139482084
10.27027027027027,7.537169779729084,-9.605804387347414
10.29029029029029,7.386475103044462,-9.773226620255405
10.31031031031031,7.2123908811855335,-9.974417582897773
10.33033033033033,6.977044534902867,-10.149740528742914
10.35035035035035,6.771318353067891,-10.33698893526883
10.37037037037037,6.592905773175005,-10.52209345781825
10.39039039039039,6.377156097146039,-10.667740689219228
10.41041041041041,6.126432748646536,-10.828450603208093
10.43043043043043,5.940687681060038,-11.008735428501813
10.45045045045045,5.689436153638922,-11.186927114748162
10.47047047047047,5.468752555300962,-11.313902983367198
10.49049049049049,5.232153418214538,-11.46697995867107
10.51051051051051,4.99520945599244,-11.626672388787082
10.53053053053053,4.788117837044854,-11.716358201789363
10.55055055055055,4.521445208430378,-11.874224260608473
10.57057057057057,4.312327483405052,-12.02950532750641
10.59059059059059,4.069396779190207,-12.158486990965955
10.61061061061061,3.81910439754951,-12.263471515569549
10.63063063063063,3.565736469402256,-12.39052836452216
10.65065065065065,3.312297626825455,-12.530381169632207
10.67067067067067,3.0517891763303155,-12.631395974397517
10.69069069069069,2.847993178606651,-12.748617565189173
10.71071071071071,2.5589295898571005,-12.87112866787358
10.73073073073073,2.30006937129683,-12.97759001397996
10.75075075075075,2.026294906780893,-13.033169980061501
10.77077077077077,1.8090384802523902,-13.068510557914184
10.79079079079079,1.5073410733725883,-13.177940973678993
10.81081081081081,1.2587725560477996,-13.28653481781551
10.83083083083083,0.9958866969043589,-13.353994624004063
10.85085085085085,0.7213959828704077,-13.429934407586702
10.87087087087087,0.421899430691981,-13.513940256571885
10.89089089089089,0.19242562385475967,-13.544622533961546
10.91091091091091,-0.10413028746254668,-13.589617592644924
10.93093093093093,-0.3488404904200793,-13.631517703624116
10.95095095095095,-0.6512445213737622,-13.650536332466594
10.97097097097097,-0.8806691856862476,-13.699672163895723
10.99099099099099,-1.167545112348041,-13.713755225314252
11.01101101101101,-1.4397080654390986,-13.749841900583121
11.03103103103103,-1.7260505210909103,-13.76972897421247
11.05105105105105,-2.0359763559132533,-13.778547600932555
11.07107107107107,-2.3173512176727438,-13.815310485109922
11.09109109109109,-2.5404501579759278,-13.783864314923893
11.11111111111111,-2.8130287511398735,-13.801725731636393
11.13113113113113,-3.1419328593292204,-13.7910796250317
11.15115115115115,-3.392701152740362,-13.769008970444187
11.17117117117117,-3.647551329595685,-13.756457683036718
11.19119119119119,-3.938182958701825,-13.741962788311373
11.21121121121121,-4.210617638756286,-13.689391610413736
11.23123123123123,-4.508308147624375,-13.655732954705968
11.25125125125125,-4.76985666940634,-13.612276960966563
11.27127127127127,-5.002666744453046,-13.558993410335349
11.29129129129129,-5.3138368009948955,-13.54341790617972
11.31131131131131,-5.596539011337838,-13.445471538126418
11.33133133133133,-5.860784456929452,-13.345619309696808
11.35135135135135,-6.117381253789299,-13.274838009232386
11.37137137137137,-6.378352239133016,-13.221536056184151
11.391391391391391,-6.645241253807565,-13.138211352526842
11.411411411411411,-6.871230263693509,-13.095034182628357
11.431431431431431,-7.20592678336981,-12.964225601098379
11.451451451451451,-7.423931279320399,-12.838665756835109
11.471471471471471,-7.671010133428478,-12.75366621009976
11.491491491491491,-7.914153407940106,-12.613323373452657
11.511511511511511,-8.182616703968215,-12.497079834727817
11.531531531531531,-8.430199075778894,-12.40445765326372
11.551551551551551,-8.668530304742887,-12.262432028953215
11.571571571571571,-8.926665702471402,-12.101157202111294
11.591591591591591,-9.217178358681869,-12.019534411461546
11.611611611611611,-9.430525436851271,-11.853642038078569
11.631631631631631,-9.647546936208045,-11.726392626473674
11.651651651651651,-9.894770096311193,-11.55804934590111
11.671671671671671,-10.055366738520629,-11.344147451890084
11.691691691691691,-10.338930259351411,-11.22161573056465
11.711711711711711,-10.57648780331497,-11.081531391904765
11.731731731731731,-10.775175874492538,-10.88726674647427
11.751751751751751,-10.990294696835747,-10.718226515244963
11.771771771771771,-11.21592136252807,-10.497192168486354
11.791791791791791,-11.401667739076963,-10.300847316410252
11.811811811811811,-11.639839954364069,-10.096287185017026
11.831831831831831,-11.829904419575538,-9.900124584039794
11.851851851851851,-12.010519648416238,-9.734993834569119
11.871871871871871,-12.20888045809568,-9.490195645103379
11.891891891891891,-12.378297424219765,-9.285783170830836
11.911911911911911,-12.543581099647303,-9.043770645501368
11.931931931931931,-12.75858002316508,-8.825448248203811
11.951951951951951,-12.889483776819738,-8.57342071074086
11.971971971971971,-13.122828503042454,-8.399070253704537
11.991991991991991,-13.233990459203255,-8.165425491559049
12.012012012012011,-13.450788423032806,-7.913598760386552
12.032032032032031,-13.571728940063164,-7.661518156361116
12.052052052052051,-13.744008128342132,-7.42461771967565
12.072072072072071,-13.891096652897174,-7.1765443092925105
12.092092092092091,-13.9719839723204,-6.8970733120296535
12.112112112112111,-14.135487659337524,-6.653216505350284
12.132132132132131,-14.287315387653376,-6.394554527664993
12.152152152152151,-14.461700679668258,-6.141226036276312
12.172172172172171,-14.56457758172938,-5.888676441966294
12.192192192192191,-14.666533100376878,-5.543929403311435
12.212212212212211,-14.752272988923798,-5.268199818939004
12.232232232232231,-14.846358255568356,-4.9988809658569195
12.252252252252251,-14.970164543633949,-4.721617887974163
12.272272272272271,-15.029457956027944,-4.458345137007879
12.292292292292291,-15.118988042178001,-4.147462577349963
12.312312312312311,-15.221523703229794,-3.8905845132177332
12.332332332332332,-15.308724644729049,-3.5732217696361346
12.352352352352352,-15.347117604197964,-3.2952177178486752
12.372372372372372,-15.415801059656914,-2.970078371892959
12.392392392392392,-15.460658395710654,-2.6503953358222887
12.412412412412412,-15.498144074351924,-2.399341097830856
12.432432432432432,-15.53460539324165,-2.085873442180628
12.452452452452452,-15.585867307503321,-1.768008125779508
12.472472472472472,-15.647354289024051,-1.4979311576298633
12.492492492492492,-15.66871510580603,-1.1837908624335145
12.512512512512512,-15.66590584373706,-0.8116321704144001
12.532532532532532,-15.714925540026842,-0.5239554992849512
12.552552552552552,-15.720972576318523,-0.22937772283358945
12.572572572572572,-15.6921711625076,0.09669682822444153
12.592592592592592,-15.667762753077227,0.40306141740094514
12.612612612612612,-15.671143982114305,0.7307289938355235
12.632632632632632,-15.657455014215854,1.0366210087199246
12.652652652652652,-15.650253579336885,1.3606183096015987
12.672672672672672,-15.635516997283993,1.6939860057746008
12.692692692692692,-15.568958197039553,2.0107542167389405
12.712712712712712,-15.508019894758705,2.346201589984081
12.732732732732732,-15.496680284471202,2.643069827352869
12.752752752752752,-15.44570179566574,2.9544017573378456
12.772772772772772,-15.382902047932706,3.304462608964145
12.792792792792792,-15.294944564293893,3.5854964412986856
12.812812812812812,-15.203299754292045,3.8637781257165433
12.832832832832834,-15.186060483555638,4.2398463292381185
12.852852852852854,-15.056841295161133,4.544951279527987
12.872872872872874,-14.990532608822269,4.854632023824354
12.892892892892894,-14.82358882035528,5.185744414432924
12.912912912912914,-14.753640654251146,5.473520285182064
12.932932932932934,-14.652047273608492,5.751503483766219
12.952952952952954,-14.51989573819685,6.121396353886018
12.972972972972974,-14.431254445897213,6.400138994497967
12.992992992992994,-14.291417366335095,6.701290801468009
13.013013013013014,-14.12959130857604,6.984358869241564
13.033033033033034,-13.97467222707305,7.344660795713252
13.053053053053054,-13.842219800231058,7.5814635055277835
13.073073073073074,-13.701351852772088,7.955056848865116
13.093093093093094,-13.575239513093532,8.220467113927215
13.113113113113114,-13.37561359083791,8.538096446075333
13.133133133133134,-13.19197756509158,8.822111934657134
13.153153153153154,-12.987808072000936,9.140097908939808
13.173173173173174,-12.818053469056654,9.397420634928958
13.193193193193194,-12.652866050261194,9.697294078980963
13.213213213213214,-12.441898505836713,9.942791237211258
13.233233233233234,-12.225072371372235,10.20007923635754
13.253253253253254,-12.012471899991995,10.524703540394007
13.273273273273274,-11.798156863399866,10.744157865760197
13.293293293293294,-11.588078320925929,11.057800981025158
13.313313313313314,-11.399439279033755,11.284812451266006
13.333333333333334,-11.115391580964337,11.571260813384608
13.353353353353354,-10.890568736813572,11.858685892570312
13.373373373373374,-10.650245123206243,12.086260285942046
13.393393393393394,-10.361213415799067,12.316287221669688
13.413413413413414,-10.182286409567915,12.572320475241025
13.433433433433434,-9.903624047135944,12.792059550895967
13.453453453453454,-9.6743902399366,13.083137261152189
13.473473473473474,-9.383898027034217,13.25204903015576
13.493493493493494,-9.104256070718773,13.489566290033137
13.513513513513514,-8.8553144207174,13.723243081174148
13.533533533533534,-8.59941615566044,13.934388131428765
13.553553553553554,-8.254380077314911,14.146983931076221
13.573573573573574,-8.01506439400185,14.332728974306825
13.593593593593594,-7.726591628226827,14.53778934121578
13.613613613613614,-7.432834681625862,14.755881930019276
13.633633633633634,-7.162992765658959,14.944077108085102
13.653653653653654,-6.835237821415967,15.118158430633425
13.673673673673674,-6.545875841298983,15.3153841024863
13.693693693693694,-6.190604670695371,15.480515672923431
13.713713713713714,-5.9345976346886316,15.644651863238149
13.733733733733734,-5.581710795464357,15.756857762091691
13.753753753753754,-5.272637373017151,15.951212939020746
13.773773773773774,-4.940331248077841,16.096411219047944
13.793793793793794,-4.622008466090979,16.265188273566796
13.813813813813814,-4.276894527328494,16.31505524244851
13.833833833833834,-3.978672125475131,16.49954012039561
13.853853853853854,-3.675725220329937,16.628838749464574
13.873873873873874,-3.281646852196908,16.722961877047915
13.893893893893894,-2.9635400887626977,16.837664605894425
13.913913913913914,-2.645189563966618,16.990302465887154
13.933933933933934,-2.302053853705762,17.068196527553305
13.953953953953954,-1.9861788314140754,17.18776152143906
13.973973973973974,-1.5924869868305422,17.23173689100793
13.993993993993994,-1.2471829700326698,17.285317267403027
14.014014014014014,-0.8877009941563311,17.378364644558467
14.034034034034034,-0.5667311036076178,17.439497357103264
14.054054054054054,-0.2243387288401417,17.52081968196314
14.074074074074074,0.14340018312909647,17.570623647745073
14.094094094094094,0.490058420671479,17.61154140208073
14.114114114114114,0.8346141342874704,17.682549528828723
14.134134134134134,1.165053105549159,17.69280514284201
14.154154154154154,1.5777128909936522,17.673096809702063
14.174174174174174,1.9492636713886398,17.72549636934136
14.194194194194194,2.278662313999226,17.714460331274083
14.214214214214214,2.6095511773675977,17.710868413094403
14.234234234234235,2.9763138255371713,17.737059918225892
14.254254254254255,3.3265444895786187,17.677592254857952
14.274274274274275,3.6934850310250287,17.69381976132979
14.294294294294295,4.04368680029811,17.66266131699968
14.314314314314315,4.37814634988165,17.594296359941946
14.334334334334335,4.718401721588351,17.538056092866434
14.354354354354355,5.091789726989217,17.51974717662079
14.374374374374375,5.428475737361122,17.405716298822263
14.394394394394395,5.761348561503454,17.423422876819064
14.414414414414415,6.12067170852751,17.337166281831124
14.434434434434435,6.452325092146192,17.280457068541736
14.454454454454455,6.821793649729391,17.172004537707995
14.474474474474475,7.2139418830963455,17.103860702226463
14.494494494494495,7.502119913784259,16.96182121554623
14.514514514514515,7.8404947002023295,16.876884007784735
14.534534534534535,8.181441954171103,16.744652451473836
14.554554554554555,8.547074896681384,16.629042466416013
14.574574574574575,8.895410010606025,16.50483905304546
14.594594594594595,9.214172419636311,16.374829504139925
14.614614614614615,9.523993394993928,16.210847344696056
14.634634634634635,9.81100764451971,16.08522681169772
14.654654654654655,10.168144054707904,15.92060974675994
14.674674674674675,10.439738686290864,15.729495254238177
14.694694694694695,10.750683612351487,15.551415700766285
14.714714714714715,11.091705855730183,15.43255964348756
14.734734734734735,11.395932524477628,15.181417900205691
14.754754754754755,11.695331176415248,15.033271274615789
14.774774774774775,12.040139880768946,14.8106789095126
14.794794794794795,12.285476212541647,14.670689087203096
14.814814814814815,12.593225170941915,14.43811007425359
14.834834834834835,12.873190079643692,14.217304186224386
14.854854854854855,13.168732697009293,13.972037937622998
14.874874874874875,13.448506950290854,13.732024720512936
14.894894894894895,13.710636889517515,13.528128190794789
14.914914914914915,13.960102803220057,13.283059176335732
14.934934934934935,14.223450897157036,13.015011457478469
14.954954954954955,14.487296516402465,12.76135628374339
14.974974974974975,14.754167867692516,12.501570425160969
14.994994994994995,15.010054256197998,12.236314315972976
15.015015015015015,15.227236817035733,11.977152071380491
15.035035035035035,15.502346265841974,11.720374021029768
15.055055055055055,15.703311231439947,11.442388440363839
15.075075075075075,15.891417913092834,11.144819383220662
15.095095095095095,16.193734541245522,10.856322050574454
15.115115115115115,16.369467112768174,10.567461143562193
15.135135135135135,16.59434520906831,10.214310828044551
15.155155155155155,16.745010258501786,9.951275791755105
15.175175175175175,16.96038435921342,9.661280905764517
15.195195195195195,17.15810917471462,9.279595556584566
15.215215215215215,17.32239541121245,8.941930687967002
15.235235235235235,17.519937404471,8.667305959767834
15.255255255255255,17.686427426536522,8.362433348127809
15.275275275275275,17.88253018698237,8.00298620168183
15.295295295295295,17.972771659611222,7.680159337274238
15.315315315315315,18.176659928799207,7.3314302833136225
15.335335335335335,18.328372357591178,6.955513077560022
15.355355355355355,18.485134757299303,6.60945807229322
15.375375375375375,18.58911449260975,6.241139691977633
15.395395395395395,18.67757796467065,5.947992104804618
15.415415415415415,18.80583338128656,5.573916154269411
15.435435435435435,18.923408314823934,5.191284919996847
15.455455455455455,19.046251360877708,4.82187088047547
15.475475475475475,19.076292481200383,4.440854624776542
15.495495495495495,19.208434993118146,4.092383718162305
15.515515515515515,19.244091102111696,3.694924380119503
15.535535535535535,19.3342852212661,3.3245694099850422
15.555555555555555,19.38130705685223,2.93945649310596
15.575575575575575,19.449532090030043,2.5854262386890916
15.595595595595595,19.52789697830648,2.183027830599627
15.615615615615615,19.543776299921237,1.8028192741032658
15.635635635635635,19.567444481900697,1.3894418030704903
15.655655655655655,19.589353914470315,1.010474455532871
15.675675675675675,19.60146489072596,0.6357935460512495
15.695695695695695,19.64807169878378,0.2089370901847422
15.715715715715715,19.634866410334144,-0.15669127907742408
15.735735735735735,19.6342034796759,-0.5464638277648695
15.755755755755755,19.583416555361495,-0.966147964273439
15.775775775775776,19.59028393441422,-1.315643377455116
15.795795795795796,19.514699434264777,-1.7250873736028558
15.815815815815816,19.54413644914898,-2.1311492419516753
15.835835835835836,19.484777518141193,-2.538380126219658
15.855855855855856,19.41688298115957,-2.9529490758870582
15.875875875875876,19.309949629556524,-3.297708035181957
15.895895895895896,19.26677735532295,-3.7213650601628463
15.915915915915916,19.180472191864997,-4.135641518814233
15.935935935935936,19.118542796220044,-4.516555425140468
15.955955955955956,19.03550717035839,-4.886606552681573
15.975975975975976,18.932420840161445,-5.283587906126725
15.995995995995996,18.847764668083407,-5.701261055820238
16.016016016016017,18.697490139425625,-6.047488865249214
16.036036036036037,18.598461208690527,-6.48733334498754
16.056056056056057,18.43373813561823,-6.8188509146210805
16.076076076076077,18.309229371513478,-7.227421382915389
16.096096096096097,18.14610204498505,-7.622352557084937
16.116116116116117,17.999954394114244,-8.000949458329847
16.136136136136138,17.829463180079276,-8.373270406977912
16.156156156156158,17.645315874742924,-8.740695155355787
16.176176176176178,17.538213111874253,-9.1607683830849
16.196196196196198,17.300001475431678,-9.511560180320167
16.216216216216218,17.111261274442185,-9.863631811583533
16.236236236236238,16.913801366752253,-10.206181098701418
16.256256256256258,16.69398598527471,-10.568943868387928
16.276276276276278,16.4276134507792,-10.918279647113065
16.296296296296298,16.259220467751607,-11.283491378862363
16.316316316316318,15.99747198500954,-11.672925749447069
16.336336336336338,15.787944545642208,-12.00406369226765
16.356356356356358,15.54692802059102,-12.325444812748788
16.376376376376378,15.255369284880652,-12.66692093528603
16.396396396396398,15.033497112743468,-13.025436930987283
16.416416416416418,14.739905222380536,-13.34181922537288
16.436436436436438,14.45047013514636,-13.664840794834857
16.456456456456458,14.191856995092595,-13.9979337342965
16.476476476476478,13.935880821728784,-14.291929844308825
16.496496496496498,13.644973480959237,-14.640504026885983
16.516516516516518,13.342516049193485,-14.907308332065183
16.536536536536538,13.06139929771276,-15.241330324022975
16.556556556556558,12.738000738011783,-15.560384794163607
16.576576576576578,12.43669652081406,-15.854099566936767
16.596596596596598,12.124414066705034,-16.10049992746392
16.616616616616618,11.831937267436285,-16.403421958354485
16.636636636636638,11.451451913828853,-16.617850910542725
16.656656656656658,11.141247075931986,-16.93406372632021
16.676676676676678,10.780542803138502,-17.180224809087292
16.696696696696698,10.435202071544367,-17.44804553553625
16.716716716716718,10.07625906176723,-17.713403548334963
16.736736736736738,9.72434348834142,-17.913260104571453
16.756756756756758,9.355933536442915,-18.188713401114857
16.776776776776778,9.014473405105502,-18.376496456596737
16.796796796796798,8.609920011966711,-18.609887641178823
16.816816816816818,8.219820096434416,-18.83828056128268
16.836836836836838,7.860267078955169,-18.999605282041493
16.856856856856858,7.475362764925762,-19.210574616679324
16.876876876876878,7.090600796504105,-19.410330924522224
16.896896896896898,6.707985252934428,-19.582350224315427
16.916916916916918,6.30594359366765,-19.808301410318368
16.936936936936938,5.891358809656837,-19.95695624574618
16.956956956956958,5.493058331243881,-20.099923917422736
16.976976976976978,5.104603837052337,-20.214703287736235
16.996996996996998,4.6720383285043905,-20.404366971188516
17.017017017017018,4.274258127463304,-20.55665101184345
17.037037037037038,3.886980220203941,-20.72365812857916
17.057057057057058,3.4736934716911234,-20.761412955192988
17.077077077077078,3.042325569985633,-20.908479494090013
17.097097097097098,2.652125569021118,-21.022978026517833
17.117117117117118,2.198200557366685,-21.162993565681862
17.137137137137138,1.798957656205623,-21.20921971014388
17.157157157157158,1.340494480296393,-21.28554384454995
17.177177177177178,0.922144954864609,-21.371353275312106
17.197197197197198,0.517643757720158,-21.451801836127018
17.217217217217218,0.09696240058040691,-21.508732083957852
17.237237237237238,-0.36777027735793955,-21.489515997641075
17.25725725725726,-0.7633604857119984,-21.564632843540295
17.27727727727728,-1.2367962384461093,-21.60715828906215
17.2972972972973,-1.649111963373599,-21.61715613997619
17.31731731731732,-2.0853269549465967,-21.63117425027659
17.33733733733734,-2.5208952530400333,-21.663340283609376
17.35735735735736,-2.9600277702174216,-21.611421834588278
17.37737737737738,-3.409970687646093,-21.6199714381028
17.3973973973974,-3.8315468865756457,-21.591657180943212
17.41741741741742,-4.254938105358883,-21.533267023547253
17.43743743743744,-4.668337520844885,-21.549201072372938
17.45745745745746,-5.095462639203533,-21.489823697601782
17.47747747747748,-5.549783547118532,-21.410635188943587
17.4974974974975,-5.9761975426632326,-21.332853929863532
17.51751751751752,-6.4085585892544445,-21.288114931423085
17.53753753753754,-6.83131284875268,-21.20330971978565
17.55755755755756,-7.219554570021579,-21.08693207471879
17.57757757757758,-7.628753424457946,-20.952934013103086
17.5975975975976,-8.102866859564946,-20.8869465933417
17.61761761761762,-8.522788913265291,-20.785289304705103
17.63763763763764,-8.926417505680222,-20.663605182063396
17.65765765765766,-9.346770100582269,-20.509447520110054
17.67767767767768,-9.759176459737812,-20.34522964731028
17.6976976976977,-10.159328555377174,-20.152841117358495
17.71771771771772,-10.552983476566185,-20.046045342632368
17.73773773773774,-10.969525978285896,-19.8433564501567
17.75775775775776,-11.317404674686424,-19.693122017985676
17.77777777777778,-11.759250597511892,-19.50807212197949
17.7977977977978,-12.143440614717615,-19.287963700267703
17.81781781781782,-12.489537563590382,-19.111988264523
17.83783783783784,-12.935006152136975,-18.92207666497303
17.85785785785786,-13.248765322254958,-18.658554683454533
17.87787787787788,-13.612102168304043,-18.487020459238284
17.8978978978979,-13.995382518972834,-18.199276117490353
17.91791791791792,-14.39691263816681,-17.97626708841429
17.93793793793794,-14.71564877203641,-17.730844588487866
17.95795795795796,-15.110440533943896,-17.47234600640375
17.97797797797798,-15.426953431827524,-17.202166760861957
17.997997997998,-15.77327328805517,-16.93390072989349
18.01801801801802,-16.098831072295162,-16.634583128422634
18.03803803803804,-16.434447071150004,-16.362671403173454
18.05805805805806,-16.75097548986978,-16.09669854402465
18.07807807807808,-17.0617443654498,-15.7549531807284
18.0980980980981,-17.382810277098503,-15.425356267891951
18.11811811811812,-17.72869642189259,-15.166754565743558
18.13813813813814,-17.983779444888757,-14.803318671666199
18.15815815815816,-18.278911691635745,-14.481625485830977
18.17817817817818,-18.555399379969725,-14.116364579865502
18.1981981981982,-18.83855920211087,-13.796418710307655
18.21821821821822,-19.162998326683628,-13.425678054066605
18.23823823823824,-19.361943617530926,-13.071836436025094
18.25825825825826,-19.662309930204913,-12.708851860920658
18.27827827827828,-19.87853053346356,-12.32282078861547
18.2982982982983,-20.156855150698128,-11.984401403841286
18.31831831831832,-20.360432514078113,-11.598944402161095
18.33833833833834,-20.626110888305384,-11.206507543548712
18.35835835835836,-20.81280992970967,-10.822379288364848
18.37837837837838,-21.032736730674994,-10.433429677853919
18.3983983983984,-21.212331506404,-10.045314140758931
18.41841841841842,-21.45033551144983,-9.621204822673809
18.43843843843844,-21.60952841909019,-9.2407298273604
18.45845845845846,-21.833564362716903,-8.836284748747095
18.47847847847848,-21.978597267459755,-8.398192689382485
18.4984984984985,-22.15038922771674,-7.938604727711189
18.51851851851852,-22.310446163849075,-7.5190845486645195
18.53853853853854,-22.44990819251343,-7.078182852557487
18.55855855855856,-22.572036370020967,-6.669582655432984
18.57857857857858,-22.71376651824335,-6.195360607304508
18.5985985985986,-22.82254664155866,-5.801209440847154
18.61861861861862,-22.928421174217444,-5.348712729033749
18.63863863863864,-23.01543727508935,-4.857178517991258
18.65865865865866,-23.13101796297635,-4.422221172711297
18.67867867867868,-23.2250416057452,-3.9567433205385165
18.6986986986987,-23.303185550498338,-3.5079717740247136
18.71871871871872,-23.34405424268281,-3.0638902754490873
18.73873873873874,-23.430307441895668,-2.614295590871158
18.75875875875876,-23.48648886225266,-2.162696326826993
18.77877877877878,-23.488504932969267,-1.6238203365506465
18.7987987987988,-23.503148130124007,-1.2247257873045432
18.81881881881882,-23.536330448613636,-0.6944889751633312
18.83883883883884,-23.569728481877757,-0.2503379529547323
18.85885885885886,-23.60108282281533,0.22463504644962712
18.87887887887888,-23.573076583477825,0.6958742478826715
18.8988988988989,-23.564441222282206,1.176044144078913
18.91891891891892,-23.48465744022163,1.62336253883546
18.93893893893894,-23.490326656776947,2.0700874559266027
18.95895895895896,-23.425862027082385,2.575908808113194
18.97897897897898,-23.395003634943212,3.0708927222115787
18.998998998999,-23.30693883295452,3.5143757000310973
19.01901901901902,-23.23350034611231,4.030948209096324
19.03903903903904,-23.12534339356929,4.479933911191233
19.05905905905906,-23.030551361736944,4.93151596781552
19.07907907907908,-22.9383736862334,5.428874655875526
19.0990990990991,-22.835083810637737,5.904632396112053
19.11911911911912,-22.718566045203925,6.374722548023782
19.13913913913914,-22.559824601562607,6.773200770613939
19.15915915915916,-22.405627831598167,7.2358313718725675
19.17917917917918,-22.291032380756057,7.780560871493969
19.1991991991992,-22.125081239439453,8.191837944488016
19.21921921921922,-21.971426205759045,8.700453901372743
19.23923923923924,-21.80963840097443,9.15870518059014
19.25925925925926,-21.58486093139375,9.565752200843448
19.27927927927928,-21.398922155038953,10.019805983800255
19.2992992992993,-21.164447133837854,10.50223626497524
19.31931931931932,-21.001741672630498,10.923652109657015
19.33933933933934,-20.76135196290459,11.398242490310873
19.35935935935936,-20.539034706672076,11.841431452854195
19.37937937937938,-20.271933171525724,12.219224246980628
19.3993993993994,-20.035416477134813,12.655504557535231
19.41941941941942,-19.78941898849355,13.098283136764136
19.43943943943944,-19.522078858010477,13.473223667328961
19.45945945945946,-19.230336293221153,13.89663349251381
19.47947947947948,-18.954730056742623,14.325605427828656
19.4994994994995,-18.665874220387053,14.789964431343313
19.51951951951952,-18.348004342121904,15.155896335356962
19.53953953953954,-18.077366942383666,15.533666434626676
19.55955955955956,-17.72237062473038,15.916553696788199
19.57957957957958,-17.38559538582507,16.297661377621573
19.5995995995996,-17.078920535379453,16.688870373314554
19.61961961961962,-16.73181765586947,17.06069737560974
19.63963963963964,-16.39502804211249,17.43557675090751
19.65965965965966,-16.05152347777618,17.810508700408775
19.67967967967968,-15.672140384071543,18.153098418152947
19.6996996996997,-15.318567188298847,18.518265293749362
19.71971971971972,-14.940835697647387,18.83690983155308
19.73973973973974,-14.55343408011777,19.21077875473645
19.75975975975976,-14.195131501107982,19.518992045512434
19.77977977977978,-13.812514642314982,19.82748623235102
19.7997997997998,-13.3431523925309,20.145113932441753
19.81981981981982,-12.965068845286144,20.428843978463114
19.83983983983984,-12.555663454234747,20.732098174042513
19.85985985985986,-12.153936781793222,21.020666695577457
19.87987987987988,-11.710468993290531,21.29255012778318
19.8998998998999,-11.301227485868946,21.554095458554144
19.91991991991992,-10.842560382985718,21.857461358142388
19.93993993993994,-10.405786934432275,22.12283777140433
19.95995995995996,-9.963647155844233,22.35995826405476
19.97997997997998,-9.509420506038246,22.590357627120877
20.0,-9.071486395071004,22.867914291692887
