t,theta,omega
0.0,1.2060943415950887,-0.020799682124809912
0.02002002002002002,1.2148222449954247,0.00015230511133831545
0.04004004004004004,1.1602322076472102,-0.06335885714022038
0.06006006006006006,1.2008759605769093,-0.062290965663041625
0.08008008008008008,1.1966760573302264,-0.09166967340311408
0.10010010010010009,1.212919845896644,-0.07768471510856605
0.12012012012012012,1.1945994303447705,-0.08931378352824426
0.14014014014014015,1.2002033601102846,-0.14764598135173354
0.16016016016016016,1.1954303325548925,-0.1682199100429775
0.18018018018018017,1.2024546704784342,-0.16860058775504358
0.20020020020020018,1.177647444994211,-0.19975518200610537
0.22022022022022023,1.2018837633957515,-0.20773337262933542
0.24024024024024024,1.1645844399332514,-0.23016020019142786
0.2602602602602603,1.1791457168378165,-0.2342487551452907
0.2802802802802803,1.171733924721229,-0.2513434093248871
0.3003003003003003,1.2009239587508338,-0.2864490400232583
0.3203203203203203,1.1420907422707602,-0.31291235522809546
0.34034034034034033,1.158533563733221,-0.2923252928878968
0.36036036036036034,1.1374481967948018,-0.3499237029360549
0.38038038038038036,1.1163865629478094,-0.33826875417750146
0.40040040040040037,1.1405273380904175,-0.35851784733929365
0.42042042042042044,1.1047763901908612,-0.3827742722555616
0.44044044044044045,1.1124842115867926,-0.40101236122326384
0.46046046046046046,1.1192839656655424,-0.418810618225176
0.4804804804804805,1.1067810297643823,-0.43975065946004865
0.5005005005005005,1.0899765687253617,-0.4462149143340669
0.5205205205205206,1.045688215593651,-0.482886530656101
0.5405405405405406,1.0557085309483925,-0.506832193838984
0.5605605605605606,1.0495471607001177,-0.4816214081134799
0.5805805805805806,1.0273187466429594,-0.5095191408019696
0.6006006006006006,1.0002167553391255,-0.5528404101757118
0.6206206206206206,1.026023600020241,-0.5515642877932596
0.6406406406406406,1.0255453638348506,-0.5644501753639135
0.6606606606606606,0.9925589416428112,-0.606469082726194
0.6806806806806807,1.004568419691407,-0.6178236235288094
0.7007007007007007,0.9494361346046227,-0.653303197136495
0.7207207207207207,0.9437700525049407,-0.6371922885370312
0.7407407407407407,0.9518880339439152,-0.6496755384465216
0.7607607607607607,0.9270491046214399,-0.6765092902243589
0.7807807807807807,0.934337988780008,-0.7019002075703963
0.8008008008008007,0.9168743986701638,-0.7248164512400567
0.8208208208208209,0.8860746649326455,-0.7349017828793999
0.8408408408408409,0.8547035193315727,-0.7330339480714788
0.8608608608608609,0.8542082880180215,-0.7578398804543701
0.8808808808808809,0.8578826191977342,-0.764278087915623
0.9009009009009009,0.8459460959664512,-0.7900924245350498
0.9209209209209209,0.8082466719170855,-0.8044185064025186
0.9409409409409409,0.7667480643438276,-0.8462475205300568
0.960960960960961,0.7575352338821181,-0.8515032242125258
0.980980980980981,0.7751961860076924,-0.8636848780919365
1.001001001001001,0.7425707334562827,-0.8333637684946525
1.021021021021021,0.7256687611900142,-0.8581190707728423
1.0410410410410411,0.69651364177422,-0.8902391362571084
1.0610610610610611,0.6783146938134589,-0.9059039132440312
1.0810810810810811,0.6959930704734997,-0.9463862793432566
1.1011011011011012,0.6694953997197992,-0.9195174115390534
1.1211211211211212,0.6302979676434572,-0.9653330656734301
1.1411411411411412,0.6247575531282266,-0.9588410052282974
1.1611611611611612,0.6088685362789631,-0.9593447670650441
1.1811811811811812,0.6169229506179056,-0.9757830124619615
1.2012012012012012,0.5448685129572934,-0.9782999973540758
1.2212212212212212,0.5499747895665619,-0.9652590711589499
1.2412412412412412,0.5423055063788486,-0.9955226978416212
1.2612612612612613,0.5346966816103604,-1.0363050626347738
1.2812812812812813,0.4722688867833976,-1.0405759329949489
1.3013013013013013,0.4567141472621714,-1.0587303832210155
1.3213213213213213,0.45648024628814504,-1.0444238652722408
1.3413413413413413,0.39345591189367524,-1.0686973095868948
1.3613613613613613,0.40807265527590403,-1.0396463507367637
1.3813813813813813,0.4205106024019611,-1.0057651198146031
1.4014014014014013,0.36748890967633796,-1.091070683987584
1.4214214214214214,0.29504365037041247,-1.0727612987583957
1.4414414414414414,0.2997768313720381,-1.0928505983888506
1.4614614614614614,0.28202023348040994,-1.0933740632977336
1.4814814814814814,0.29369205320427316,-1.093013782824114
1.5015015015015014,0.24720221658778932,-1.1220412211656017
1.5215215215215214,0.19478442045559213,-1.1158000753116069
1.5415415415415414,0.20501489948850624,-1.07502930397612
1.5615615615615615,0.18642650089739263,-1.094611499885374
1.5815815815815815,0.1514923019691128,-1.14140450991434
1.6016016016016015,0.11976864692485353,-1.1352073824313442
1.6216216216216217,0.15917758963116246,-1.1396830108900147
1.6416416416416417,0.11086856417613725,-1.1434191257035347
1.6616616616616617,0.0901831686588881,-1.1193178508862853
1.6816816816816818,0.04584322803524352,-1.1290378884985697
1.7017017017017018,0.013284889150234411,-1.1200553451639117
1.7217217217217218,-0.005324941250826673,-1.153790752293343
1.7417417417417418,-0.04439145007243024,-1.1256761478618573
1.7617617617617618,-0.009850753366186057,-1.1253249018338578
1.7817817817817818,-0.06638862512561153,-1.1217531475335594
1.8018018018018018,-0.06045346522130739,-1.1215760251276916
1.8218218218218218,-0.11731503336439728,-1.1018823417951844
1.8418418418418419,-0.12300071307907345,-1.0908896445960647
1.8618618618618619,-0.1503379259708542,-1.1432451717384875
1.8818818818818819,-0.20373109541035472,-1.0824451990994661
1.901901901901902,-0.16418957684600924,-1.1153219958681821
1.921921921921922,-0.22854252140138756,-1.0783337914330207
1.941941941941942,-0.2651477682515113,-1.1208551851701773
1.961961961961962,-0.2521719642004711,-1.105821663531778
1.981981981981982,-0.28706760188684527,-1.0957426777143355
2.002002002002002,-0.3020269019384673,-1.05844850871866
2.022022022022022,-0.32865813076984296,-1.0674288083724057
2.042042042042042,-0.3930346612137464,-1.0745818556406441
2.062062062062062,-0.3903190256578838,-1.0908797615874974
2.0820820820820822,-0.4122944531878031,-1.065684010246555
2.1021021021021022,-0.3975362192779088,-1.0776356481331637
2.1221221221221223,-0.4362026026167535,-1.0525120756201978
2.1421421421421423,-0.46416010673483926,-1.0141157189398908
2.1621621621621623,-0.4674586856801011,-0.9983932670755855
2.1821821821821823,-0.501741020389871,-1.0296656678981781
2.2022022022022023,-0.5233663277775658,-1.0011449420863243
2.2222222222222223,-0.535397178052,-1.0175805818727741
2.2422422422422423,-0.5569526584745349,-0.9808836285665035
2.2622622622622623,-0.5280343150064337,-0.9371317900533291
2.2822822822822824,-0.6148509109040509,-0.9693097347016583
2.3023023023023024,-0.6462315692517601,-0.963950374548173
2.3223223223223224,-0.6295954400700966,-0.9162820728312782
2.3423423423423424,-0.6691960018185417,-0.9414417507522387
2.3623623623623624,-0.7160228749205537,-0.9192766473196128
2.3823823823823824,-0.7125383083881942,-0.9139895530472381
2.4024024024024024,-0.726784651607643,-0.8923844948503339
2.4224224224224224,-0.7620984059188782,-0.9066677827685452
2.4424424424424425,-0.7017889432193505,-0.8896402157974145
2.4624624624624625,-0.7834681109350294,-0.8134637055648211
2.4824824824824825,-0.720313017950383,-0.8596968819839239
2.5025025025025025,-0.802379892153336,-0.815259352006947
2.5225225225225225,-0.7767554030819371,-0.8274217734445419
2.5425425425425425,-0.8322587071005153,-0.7775091481756838
2.5625625625625625,-0.8343865893822119,-0.7857351479621338
2.5825825825825826,-0.8611878663639897,-0.7906585919054715
2.6026026026026026,-0.8784010352519689,-0.7532371542483773
2.6226226226226226,-0.8838130464848061,-0.7435722063547229
2.6426426426426426,-0.893533508886866,-0.6965824620276768
2.6626626626626626,-0.9140488447689545,-0.6939948313847373
2.6826826826826826,-0.929969300698872,-0.6850505873941869
2.7027027027027026,-0.9590170176285238,-0.6625807726167655
2.7227227227227226,-0.9597602991738392,-0.610748533850512
2.7427427427427427,-0.9392483612671144,-0.6284457163121789
2.7627627627627627,-0.9985467300228716,-0.6418176260528102
2.7827827827827827,-0.9716992667987849,-0.5975835050854231
2.8028028028028027,-0.9978195168148629,-0.6208678326150192
2.8228228228228227,-1.000435024146405,-0.5598998909264439
2.8428428428428427,-1.0524125139940128,-0.5613114135871904
2.8628628628628627,-1.0358060250885497,-0.5336103512414422
2.8828828828828827,-1.0574543992753025,-0.5193999300738767
2.9029029029029028,-1.0668331514191625,-0.4968465000112729
2.9229229229229228,-1.0421964082286996,-0.5337008555451064
2.942942942942943,-1.085844010890978,-0.4612148136774472
2.962962962962963,-1.0843141939721377,-0.4544731032376632
2.982982982982983,-1.134140181816644,-0.42268181058613813
3.003003003003003,-1.072873404990085,-0.44204765629614473
3.023023023023023,-1.0981999817073158,-0.3999959352062989
3.043043043043043,-1.1243992016097593,-0.3964690498909185
3.063063063063063,-1.1371967047444924,-0.3313307005679173
3.083083083083083,-1.1258267743897774,-0.30454482045275294
3.103103103103103,-1.1205401871939906,-0.3122116863846412
3.123123123123123,-1.1154534226632369,-0.2939626695281227
3.143143143143143,-1.1396501528583893,-0.29037352664880894
3.163163163163163,-1.1603899631036856,-0.2800442277480005
3.183183183183183,-1.1470724394367766,-0.27127303502496125
3.203203203203203,-1.155991809709325,-0.2330921654648455
3.2232232232232234,-1.1526192840301543,-0.19579822683498332
3.2432432432432434,-1.143666741117913,-0.17770407372194846
3.2632632632632634,-1.2151853178741838,-0.17513322904462506
3.2832832832832834,-1.21047835821475,-0.1656080597793512
3.3033033033033035,-1.1597357035375282,-0.12391678253296753
3.3233233233233235,-1.2064888574921717,-0.13834643956021908
3.3433433433433435,-1.1940321245545464,-0.12379044721345187
3.3633633633633635,-1.2099153087386145,-0.07459156132473391
3.3833833833833835,-1.1748179533081058,-0.05001717751402812
3.4034034034034035,-1.2448084193854312,-0.037456646199941414
3.4234234234234235,-1.198226982866306,-0.016611409178176505
3.4434434434434436,-1.1676549764406523,-0.04749559579585369
3.4634634634634636,-1.211739199523258,0.02424658677311898
3.4834834834834836,-1.2311134340374692,0.06060492796102977
3.5035035035035036,-1.191305346298984,0.06667059048969176
3.5235235235235236,-1.208908919656833,0.08465989665961539
3.5435435435435436,-1.1745649912345417,0.091677897295663
3.5635635635635636,-1.1893178160547102,0.1110501441178598
3.5835835835835836,-1.2089714702162697,0.12130006651535626
3.6036036036036037,-1.1920814068323922,0.15050744252411685
3.6236236236236237,-1.16598892062318,0.14023643430320085
3.6436436436436437,-1.1850685501683749,0.2095795679937695
3.6636636636636637,-1.1936521286800241,0.18202145143194573
3.6836836836836837,-1.1705758433396638,0.23383975338227536
3.7037037037037037,-1.169865298228566,0.2619832951139637
3.7237237237237237,-1.1480607447330249,0.27065570818335166
3.7437437437437437,-1.1488488222663307,0.31874744490945106
3.7637637637637638,-1.1584014744619187,0.25045543313861207
3.7837837837837838,-1.1162137109569632,0.2996562684257076
3.803803803803804,-1.1397761957733765,0.3532348864691925
3.823823823823824,-1.1672495038053492,0.32019002698647475
3.843843843843844,-1.1601370115751997,0.3474609514041143
3.863863863863864,-1.1118637009232222,0.39188574778086266
3.883883883883884,-1.1073150614710046,0.37113846390648425
3.903903903903904,-1.150867231698304,0.41840185875968405
3.923923923923924,-1.1055672675807129,0.4443483242731239
3.943943943943944,-1.073202774183116,0.4556915342297939
3.963963963963964,-1.0627944438277295,0.47519261754626213
3.983983983983984,-1.0577979687699686,0.4741073605608255
4.004004004004004,-1.0620423828809997,0.5096345491045956
4.024024024024024,-1.0317411482028416,0.5152230320931261
4.044044044044044,-1.027082648613662,0.5350752393460629
4.064064064064064,-1.0288659764937644,0.5741664345424254
4.084084084084084,-1.0550426053920792,0.5487149147746039
4.104104104104104,-1.033150869727747,0.5449188486126124
4.124124124124124,-1.0050602039429566,0.6233992361083103
4.1441441441441444,-0.9848449504835443,0.6290522390596652
4.1641641641641645,-0.9446826097161725,0.6681962918507561
4.1841841841841845,-0.954839608338021,0.6851142789699904
4.2042042042042045,-0.938277396191002,0.6575419040233526
4.2242242242242245,-0.9383473280013619,0.6607670677847429
4.2442442442442445,-0.9302409604114587,0.6991391730493167
4.2642642642642645,-0.8821085141597592,0.7564634100851977
4.2842842842842845,-0.9112122848630946,0.7454727544013473
4.3043043043043046,-0.8894581640282123,0.7624907787589682
4.324324324324325,-0.8560416660476032,0.7315644226873788
4.344344344344345,-0.819324635894455,0.7710658081239051
4.364364364364365,-0.8327413469960497,0.7765440397808259
4.384384384384385,-0.8190281805625143,0.8210524535352449
4.404404404404405,-0.7933174170597682,0.8333979485453856
4.424424424424425,-0.7655995418084558,0.8673346417514587
4.444444444444445,-0.7627193359608395,0.8252396472461343
4.464464464464465,-0.7172698959017888,0.8617531270275343
4.484484484484485,-0.6988033959101504,0.8893991694431348
4.504504504504505,-0.705934297600564,0.9017904509970385
4.524524524524525,-0.6462483934475602,0.9491643113341217
4.544544544544545,-0.6655844736893117,0.9233566239906443
4.564564564564565,-0.626902819631338,0.9154779379243686
4.584584584584585,-0.6229796980264105,0.9438143993199243
4.604604604604605,-0.6043404229699153,0.9392988736452781
4.624624624624625,-0.6231576226468037,0.9258272650651809
4.644644644644645,-0.5942382095397082,0.9691122639009303
4.664664664664665,-0.5580617039803247,1.02769953168774
4.684684684684685,-0.5101751179108502,0.9800447734264054
4.704704704704705,-0.505234530258336,1.0011316270298112
4.724724724724725,-0.49757327607198304,1.0226137032162292
4.744744744744745,-0.45901059497868224,1.0213960715101107
4.764764764764765,-0.4294430005577858,1.0142493925192972
4.784784784784785,-0.42974468104577274,1.0975744078847396
4.804804804804805,-0.40439427480787726,1.082437059500159
4.824824824824825,-0.3858505414437988,1.0731526270463954
4.844844844844845,-0.36749017419713964,1.0654993798444279
4.864864864864865,-0.3604741615375434,1.0844840362148465
4.884884884884885,-0.34030976413986624,1.0957543943818764
4.904904904904905,-0.279840469965682,1.0959266533793226
4.924924924924925,-0.28541934633346794,1.1034120741469446
4.944944944944945,-0.26390535696854656,1.1183589033043393
4.964964964964965,-0.2722953892528613,1.0978248578958
4.984984984984985,-0.2533253018950856,1.079094399343612
5.005005005005005,-0.1639886928497664,1.130923561393164
5.025025025025025,-0.18333622982310402,1.0865561050921926
5.045045045045045,-0.20585050186145107,1.1088814431320229
5.065065065065065,-0.07570639850625599,1.131150263288631
5.085085085085085,-0.112811304052719,1.1340090199544148
5.105105105105105,-0.11030352825215856,1.120567361494078
5.125125125125125,-0.054527653370752986,1.1261481653729575
5.145145145145145,-0.018111283745656893,1.1356681366712178
5.165165165165165,0.002042505843017352,1.115460720544088
5.185185185185185,0.029240223227873056,1.161807306587499
5.205205205205205,0.014484331866452028,1.1110225229015847
5.225225225225225,0.0831928382281944,1.1240453037041112
5.245245245245245,0.10712078598879646,1.117665919086589
5.265265265265265,0.1306808303582256,1.1273407338387775
5.285285285285285,0.12923941616181642,1.1537513334738654
5.305305305305305,0.1392847527106076,1.1009340961421334
5.325325325325325,0.15993568915062525,1.1256588235155829
5.345345345345345,0.1599112317449186,1.1257760296186592
5.365365365365365,0.2026942547826799,1.1319593922157138
5.385385385385385,0.1877428382168576,1.088813980591255
5.405405405405405,0.22396348322881315,1.0831324220548266
5.425425425425425,0.28460882947417016,1.090758031708821
5.445445445445445,0.29644000169415563,1.0854228734521765
5.465465465465465,0.3273083463890385,1.0622832491716037
5.485485485485485,0.35898330136676915,1.0891433328348643
5.505505505505505,0.37401731149268846,1.0800509193202292
5.525525525525525,0.3935716085630677,1.1022519749991242
5.545545545545545,0.4070765658583438,1.0476452216477343
5.565565565565565,0.4147637801275968,1.024990477606979
5.585585585585585,0.4257937674676758,1.0193276783279175
5.605605605605605,0.4699438977815661,1.0348832691431473
5.625625625625625,0.49287265836636557,1.003613254996816
5.645645645645645,0.5301565506283121,1.0240788467771702
5.665665665665665,0.5290665333121388,0.9862462934133334
5.685685685685685,0.563131311840601,0.9927330063732932
5.7057057057057055,0.5428932424773963,0.976945383160967
5.7257257257257255,0.5965726399383909,0.9493128328039727
5.7457457457457455,0.6143815075545378,0.9268901585778764
5.7657657657657655,0.6563312932334734,0.9693115653136195
5.7857857857857855,0.6433441662337299,0.9396816917175749
5.8058058058058055,0.6187409817612276,0.8970478235074438
5.8258258258258255,0.6793608355158657,0.8862045102425918
5.8458458458458455,0.717567700595792,0.9347838284929679
5.865865865865866,0.6975316394645876,0.8650058045087774
5.885885885885886,0.7432924748131325,0.9006291200592802
5.905905905905906,0.7313857728429873,0.8597818778994443
5.925925925925926,0.8092340937222273,0.807911014270038
5.945945945945946,0.7638817843748447,0.818377789633903
5.965965965965966,0.7955018945258834,0.8287722912933254
5.985985985985986,0.8268682014761682,0.7624658571325916
6.006006006006006,0.8481709728382814,0.7716414310863747
6.026026026026026,0.8788815980876239,0.755657543609709
6.046046046046046,0.8558882390437655,0.7638465795508286
6.066066066066066,0.8988009906000552,0.7466056417670279
6.086086086086086,0.8644426277972405,0.7328364750603019
6.106106106106106,0.8917670408911432,0.711033113855552
6.126126126126126,0.897960115729075,0.6993326286988067
6.146146146146146,0.9239640052802025,0.6486658540039092
6.166166166166166,0.967709883774268,0.6629044063289522
6.186186186186186,0.9541646378498255,0.6706953640926238
6.206206206206206,0.9703120227098181,0.6257680615933081
6.226226226226226,0.9968515785374643,0.5960469535986318
6.246246246246246,1.012908878576403,0.5809520710849055
6.266266266266266,1.0069282240392214,0.6019273815540715
6.286286286286286,1.005683610633062,0.5093508241904136
6.306306306306306,1.069705542499182,0.591409151067867
6.326326326326326,1.0400277562293754,0.48439186191252537
6.346346346346346,1.0522225169409567,0.5000055167422904
6.366366366366366,1.0645834481767433,0.46596418547804747
6.386386386386386,1.0895716148217414,0.48112982110441843
6.406406406406406,1.057337647887538,0.46694207867777143
6.426426426426427,1.1371699917698834,0.43863139864113176
6.446446446446447,1.0979038397053469,0.4145064418862108
6.466466466466467,1.1251314963190389,0.3648121979321549
6.486486486486487,1.1239307010604596,0.373624683199808
6.506506506506507,1.165055047345203,0.3598923103210113
6.526526526526527,1.1685498033905892,0.3231803514654188
6.546546546546547,1.1536673727338618,0.3334641699913228
6.566566566566567,1.1309068854537876,0.31239056382317343
6.586586586586587,1.1785382980252974,0.2840825179259338
6.606606606606607,1.126082230135614,0.27187568244735183
6.626626626626627,1.1471391462296183,0.24700511739972575
6.646646646646647,1.1684537023451913,0.20132373387860897
6.666666666666667,1.1423010939859837,0.22662614277230272
6.686686686686687,1.1683189394642395,0.147204380471947
6.706706706706707,1.1982588566869767,0.1854307213144884
6.726726726726727,1.1717021743584561,0.13510346499072043
6.746746746746747,1.2057420391155746,0.14985952868586178
6.766766766766767,1.239352195465734,0.13268739835176346
6.786786786786787,1.201756141926163,0.1023377398083479
6.806806806806807,1.2122668461271318,0.09955508686482316
6.826826826826827,1.2225221150445376,0.05799122846270424
6.846846846846847,1.1899625596955963,0.04018992396345142
6.866866866866867,1.2152964732036677,0.06108652412409661
6.886886886886887,1.1907398763235595,0.003966082412147133
6.906906906906907,1.2062609324192932,-0.011112962286608987
6.926926926926927,1.2187096078097115,-0.06989166920256067
6.946946946946947,1.1824500708695194,-0.05915922689731101
6.966966966966967,1.1515192785640325,-0.08143210662634008
6.986986986986987,1.1781922477807398,-0.08482079067062764
7.007007007007007,1.216950612654066,-0.10432742837310527
7.027027027027027,1.1718981635135712,-0.11917818529759441
7.047047047047047,1.2109485935985584,-0.15615367185268536
7.067067067067067,1.1688322255490722,-0.14403855667163534
7.087087087087087,1.179319958596946,-0.16081158630273934
7.107107107107107,1.179813554182254,-0.17825346030215117
7.127127127127127,1.1553501454905,-0.2110245226802429
7.147147147147147,1.167433153501972,-0.2535642464083785
7.167167167167167,1.1356033513999926,-0.2339593291764229
7.187187187187187,1.154711277655111,-0.28650877456174184
7.207207207207207,1.1542964344448583,-0.2618492286380724
7.227227227227227,1.1047281020576771,-0.3326428913498692
7.247247247247247,1.125642089745568,-0.2917375183911755
7.267267267267267,1.143143659555693,-0.32381247915591294
7.287287287287287,1.107717048554858,-0.3796901845948145
7.307307307307307,1.1321423159062933,-0.3742135814375497
7.327327327327327,1.1264652840993423,-0.3971469595107176
7.347347347347347,1.1129978861745933,-0.4081762823829469
7.367367367367367,1.1145763316856812,-0.413069924006846
7.387387387387387,1.0578525045186427,-0.49194869362830207
7.407407407407407,1.1011584126060538,-0.44095922292704315
7.4274274274274275,1.0512309116167358,-0.519533217925102
7.4474474474474475,1.0637920462117534,-0.4812499774646452
7.4674674674674675,1.0875812307729136,-0.5069733832843408
7.4874874874874875,1.0336650163120509,-0.5524916568142616
7.5075075075075075,1.0304525190545755,-0.5578357651341115
7.5275275275275275,0.9987026359141178,-0.5279829445528663
7.5475475475475475,1.0431465566047635,-0.5632251157895406
7.5675675675675675,0.9771265194018282,-0.5857083085362254
7.587587587587588,0.9961001095368138,-0.6106889295539185
7.607607607607608,0.995731349622266,-0.6234259192974476
7.627627627627628,0.9726380214376769,-0.6398447284808916
7.647647647647648,0.9514254341604741,-0.7045541065249704
7.667667667667668,0.9327291506966042,-0.6961476264728668
7.687687687687688,0.8915855005520752,-0.6673654383674649
7.707707707707708,0.9375696355867116,-0.6896244860741628
7.727727727727728,0.8935867172829083,-0.7054255981795611
7.747747747747748,0.8739051780318842,-0.7438262317674998
7.767767767767768,0.8366690749255405,-0.7551939721830262
7.787787787787788,0.8443172588402547,-0.8042385564059947
7.807807807807808,0.8263573640838281,-0.7946243512593483
7.827827827827828,0.8473092550218796,-0.7897746097249007
7.847847847847848,0.7952730097614149,-0.8170893632643643
7.867867867867868,0.7793283003247627,-0.840298894755397
7.887887887887888,0.7399140414731097,-0.8531985127801727
7.907907907907908,0.7294825922981246,-0.8888740149303495
7.927927927927928,0.7371994235471526,-0.8694779801655466
7.947947947947948,0.6735449033383852,-0.892929807194127
7.967967967967968,0.7112361235439114,-0.8821936506724991
7.987987987987988,0.6936263548614175,-0.9152229270805496
8.008008008008009,0.6377463801569276,-0.9500111738855881
8.028028028028029,0.6428330278289153,-0.9327924511764618
8.048048048048049,0.6427431581741596,-0.9301160943002735
8.068068068068069,0.5951756829150522,-0.9884261977143062
8.088088088088089,0.5720362702964206,-0.9703046421824009
8.108108108108109,0.554755778822922,-0.996987248429021
8.128128128128129,0.5440217024609483,-1.005953747466534
8.148148148148149,0.5063635489970476,-0.9997482083338989
8.168168168168169,0.490647120723275,-1.0108477416831474
8.188188188188189,0.4837214744983881,-1.0479134635611593
8.208208208208209,0.4480185428158017,-1.0053996443624749
8.228228228228229,0.41361066964096843,-1.0851467496729046
8.248248248248249,0.37865468874219055,-1.0505112457255845
8.268268268268269,0.395387354009769,-1.061340098235096
8.288288288288289,0.39777608548223337,-1.1199472296733732
8.308308308308309,0.3599880173936476,-1.0423664756198838
8.328328328328329,0.30795257295529127,-1.0878921870970581
8.348348348348349,0.2937591373966469,-1.104474270715104
8.368368368368369,0.2804787153589264,-1.0639140591074732
8.388388388388389,0.30182521880450236,-1.1046390390847272
8.408408408408409,0.2811472231501997,-1.102240565661499
8.428428428428429,0.25599192263598664,-1.1094208659218918
8.448448448448449,0.20132352321616878,-1.1044151091870775
8.468468468468469,0.23998459357215146,-1.0984318105988664
8.488488488488489,0.13989704917685764,-1.0993703816664522
8.508508508508509,0.12437901733400955,-1.1313951044140385
8.528528528528529,0.1273084282297477,-1.1233825325733178
8.548548548548549,0.09218499980887387,-1.1256808950573804
8.568568568568569,0.0707875558988604,-1.1189680756020688
8.588588588588589,0.002733312819358645,-1.1151918045119031
8.608608608608609,-0.0007675955817318253,-1.1579732147722286
8.62862862862863,-0.0049028539506073485,-1.1275991456063412
8.64864864864865,-0.040210677011520604,-1.1123570833162644
8.66866866866867,-0.07577942684333355,-1.13636324586277
8.68868868868869,-0.08320917183981923,-1.1279511485918106
8.70870870870871,-0.08848153316615837,-1.1455217722429625
8.72872872872873,-0.10208265496157627,-1.1219993557806323
8.74874874874875,-0.17687011190606014,-1.1598796065309172
8.76876876876877,-0.16168491010041827,-1.122130684716616
8.78878878878879,-0.185849845048795,-1.1148324245629107
8.80880880880881,-0.20153992434115925,-1.091442170489479
8.82882882882883,-0.2504609005501668,-1.129521379329795
8.84884884884885,-0.2722022818316542,-1.095558605598096
8.86886886886887,-0.24743457663568394,-1.1047910895683901
8.88888888888889,-0.3442574404169923,-1.1246483959486882
8.90890890890891,-0.33265787477822256,-1.0957090619961727
8.92892892892893,-0.34581406418379235,-1.077355664223913
8.94894894894895,-0.36539760615155553,-1.0503056057268607
8.96896896896897,-0.3940585454657115,-1.0813019131106645
8.98898898898899,-0.3921873534308377,-1.0871356050766272
9.00900900900901,-0.4150409748423951,-1.0463492307286084
9.02902902902903,-0.44668914646515784,-1.0082291292864056
9.04904904904905,-0.4769178728650847,-0.9900065991717741
9.06906906906907,-0.48953625242393534,-1.0476012944668107
9.08908908908909,-0.5039962761234122,-1.0340718927715429
9.10910910910911,-0.5406027923473797,-0.9947372630686344
9.12912912912913,-0.5344279706417411,-1.0049045970397081
9.14914914914915,-0.5455554916248322,-0.9587543725576638
9.16916916916917,-0.5561268560394872,-0.9604272306850048
9.18918918918919,-0.5769123539173465,-0.9974179452314428
9.20920920920921,-0.6296394193402227,-0.965611978104898
9.22922922922923,-0.6397631956530218,-0.9478621572365288
9.24924924924925,-0.6640972608637992,-0.8866504140963507
9.26926926926927,-0.6825489219336557,-0.9035863219973708
9.28928928928929,-0.7019285909869704,-0.89763178257616
9.30930930930931,-0.7150341929244977,-0.8771871859983821
9.32932932932933,-0.7094568921419085,-0.839945251703484
9.34934934934935,-0.7439110650193334,-0.8475815961215605
9.36936936936937,-0.7901879624246769,-0.8473574709903302
9.38938938938939,-0.7651539050144028,-0.8142639839874445
9.40940940940941,-0.7962335331302244,-0.7996028739445383
9.42942942942943,-0.8068687932512072,-0.7788438940947139
9.44944944944945,-0.8268232215444588,-0.7952629380064345
9.46946946946947,-0.8415234008705469,-0.831847227835175
9.48948948948949,-0.8559116964095119,-0.8310850089552153
9.50950950950951,-0.9130632009383236,-0.7337653589972013
9.52952952952953,-0.8837593267912573,-0.7505432620496248
9.54954954954955,-0.9219556632988074,-0.6841950896935293
9.56956956956957,-0.9314820748864309,-0.650883154043644
9.58958958958959,-0.9356084145385032,-0.6715479394430077
9.60960960960961,-0.9166784662742523,-0.6608935627250372
9.62962962962963,-0.9821829939215626,-0.6493591791784097
9.64964964964965,-0.9756396778778934,-0.6579616688678137
9.66966966966967,-0.9925037363709517,-0.6288710087662518
9.68968968968969,-0.9810250758551206,-0.5965596759521868
9.70970970970971,-1.0169561347664586,-0.5824708494905864
9.72972972972973,-1.018286090622404,-0.5509827543891669
9.74974974974975,-1.0538489963970719,-0.5670049692017315
9.76976976976977,-1.0225229991834628,-0.5371621458654889
9.78978978978979,-1.0833686791461448,-0.5026748651818401
9.80980980980981,-1.0558310385029632,-0.5247000022350856
9.82982982982983,-1.0702247714749364,-0.4618126704630803
9.84984984984985,-1.076690151403258,-0.4462324331099586
9.86986986986987,-1.1212724704164403,-0.43451296960203617
9.88988988988989,-1.1078927492109363,-0.4329700027927322
9.90990990990991,-1.0927249823465068,-0.3758324451449677
9.92992992992993,-1.0821854194889569,-0.3611532686171753
9.94994994994995,-1.1278438139640303,-0.3623585757792856
9.96996996996997,-1.1175272482638516,-0.34888920684514346
9.98998998998999,-1.1371000265685811,-0.31667776666179337
10.01001001001001,-1.1473884395808123,-0.32952282778818526
10.03003003003003,-1.1606145172692601,-0.2839911339152731
10.05005005005005,-1.1580212495793452,-0.27154906609757345
10.07007007007007,-1.1500684483700476,-0.2674892608898068
10.09009009009009,-1.153365984786099,-0.23401345416621164
10.11011011011011,-1.1978393279844175,-0.1943041659841647
10.13013013013013,-1.1874405565797577,-0.2377774832038196
10.15015015015015,-1.2022389481510383,-0.20659034335948878
10.17017017017017,-1.1838362381197636,-0.17311197554645272
10.19019019019019,-1.1947866557355222,-0.13668115406910103
10.21021021021021,-1.1840510252999226,-0.12417214603254174
10.23023023023023,-1.185078266471541,-0.09956892009811653
10.25025025025025,-1.2374876333711196,-0.10056235378224286
10.27027027027027,-1.2406136237047656,-0.07392065148156293
10.29029029029029,-1.1984098159478416,-0.03508853831356238
10.31031031031031,-1.175498889628753,-0.033292848634922635
10.33033033033033,-1.2098197709970302,-0.008988858089558358
10.35035035035035,-1.210558343704934,-6.094751590016e-05
10.37037037037037,-1.1800911482076775,0.007470471460675912
10.39039039039039,-1.1831406544598093,0.050830211919489825
10.41041041041041,-1.2174169668871233,0.07541092482052612
10.43043043043043,-1.1830433935839957,0.07661425728876128
10.45045045045045,-1.210581657055458,0.07602340044439983
10.47047047047047,-1.2040360304399493,0.1226774911532925
10.49049049049049,-1.2099702996797912,0.13917740244234894
10.51051051051051,-1.2128957103423461,0.14492794829864486
10.53053053053053,-1.1826986512806203,0.21647177645369087
10.55055055055055,-1.2088976052302312,0.21554403470976882
10.57057057057057,-1.1744433452915728,0.21283342665993002
10.59059059059059,-1.1707919512320977,0.23197932858184941
10.61061061061061,-1.1715818030452814,0.27060596747563115
10.63063063063063,-1.1726179166145834,0.2825719182967903
10.65065065065065,-1.170988222097725,0.27708317712269415
10.67067067067067,-1.1737853713174977,0.3057049316920987
10.69069069069069,-1.1173226284800928,0.31332525990509563
10.71071071071071,-1.1436766789900938,0.3107959745410923
10.73073073073073,-1.1374745040721341,0.31939256767896457
10.75075075075075,-1.1439329206100755,0.3738846064130734
10.77077077077077,-1.0917200672596146,0.443569785071254
10.79079079079079,-1.1218965823127316,0.43406032908099473
10.81081081081081,-1.0969953610761067,0.42022590120731024
10.83083083083083,-1.08456652250337,0.4423090356710124
10.85085085085085,-1.0820025489343854,0.45064262916279946
10.87087087087087,-1.1028104350406633,0.44558937228712886
10.89089089089089,-1.0520686200945848,0.4884895703582902
10.91091091091091,-1.0669899374791787,0.5116594571038796
10.93093093093093,-1.0287554938780932,0.5324612809960021
10.95095095095095,-1.0470146321310163,0.5706380564334671
10.97097097097097,-0.9912048205653242,0.573149558594565
10.99099099099099,-0.9918681588742684,0.6051262247212319
11.01101101101101,-0.9769526536809797,0.6094741597855374
11.03103103103103,-0.9754637533337012,0.6243611124321862
11.05105105105105,-0.9969189974947653,0.6446225253653122
11.07107107107107,-0.9892983469069441,0.6312143809320366
11.09109109109109,-0.9229917680718426,0.6802607844802748
11.11111111111111,-0.9058703166742913,0.6742180133977611
11.13113113113113,-0.9448958516332162,0.6908762419462324
11.15115115115115,-0.9057235250811086,0.7131297197829731
11.17117117117117,-0.870687946975999,0.7200139472741386
11.19119119119119,-0.8716059886096128,0.7229735167857303
11.21121121121121,-0.8546168984446142,0.758124939934523
11.23123123123123,-0.8632913986062157,0.7684654868065042
11.25125125125125,-0.8363498840556353,0.7826933432437897
11.27127127127127,-0.7813143110770614,0.8008293367973174
11.29129129129129,-0.8054016876468676,0.7753307654954184
11.31131131131131,-0.8019028912743051,0.8262717443698857
11.33133133133133,-0.7809477706649325,0.8731847998027623
11.35135135135135,-0.7534632448996544,0.8850930083062942
11.37137137137137,-0.7315909332381298,0.8735901817559184
11.391391391391391,-0.7169933807182158,0.8861830226513605
11.411411411411411,-0.6629711522499654,0.8527082327365703
11.431431431431431,-0.7192501915984162,0.9009541460172285
11.451451451451451,-0.6605491799298331,0.9380524142025327
11.471471471471471,-0.6327524647760462,0.9287057190878167
11.491491491491491,-0.6029677513911107,0.9688343281841203
11.511511511511511,-0.6005679270410612,0.9790147850261469
11.531531531531531,-0.5794689376411187,0.9597466302328928
11.551551551551551,-0.5514169829824129,0.9840787461511936
11.571571571571571,-0.5455832907438396,1.0218834642304082
11.591591591591591,-0.5746563185485363,0.974288615623041
11.611611611611611,-0.5292079776233498,1.0052473907747463
11.631631631631631,-0.4901923640918798,0.9918813399973836
11.651651651651651,-0.4842501121636014,1.0139639146427062
11.671671671671671,-0.39466566563672584,1.075998999563283
11.691691691691691,-0.43114424507212235,1.0410994844912542
11.711711711711711,-0.4248239620947125,1.0182323820070822
11.731731731731731,-0.382951363099569,1.0440721344514081
11.751751751751751,-0.36093576376357395,1.0392633165720808
11.771771771771771,-0.35296234015903477,1.0810762998501415
11.791791791791791,-0.3087499645816712,1.0928818503784128
11.811811811811811,-0.32071066604460957,1.1076416554755504
11.831831831831831,-0.2884155984626628,1.1088023536014844
11.851851851851851,-0.250626786491432,1.0737915919910168
11.871871871871871,-0.23464130159488789,1.1133731500122581
11.891891891891891,-0.1938706645953213,1.1075608712335208
11.911911911911911,-0.15322499213871008,1.1344100082218187
11.931931931931931,-0.1666509778650265,1.132702355049901
11.951951951951951,-0.10043490079952788,1.159907623768555
11.971971971971971,-0.14120807172097474,1.104720476664236
11.991991991991991,-0.06444035827114153,1.1041916174854494
12.012012012012011,-0.09804254399611233,1.117290441666963
12.032032032032031,-0.04061150776241362,1.1261729579163156
12.052052052052051,-0.039431998263520784,1.1154915957014107
12.072072072072071,-0.018061563315323444,1.1116883026895366
12.092092092092091,0.06442526755808212,1.1350787884659423
12.112112112112111,0.059127692365236136,1.1187446475780498
12.132132132132131,0.06025669515685902,1.113200854227962
12.152152152152151,0.03349935666049644,1.098406551755941
12.172172172172171,0.07284420782476125,1.0790162983632599
12.192192192192191,0.107628840234329,1.1481085283138417
12.212212212212211,0.15307417010179875,1.1445725048234665
12.232232232232231,0.18454795854185513,1.1311211558795378
12.252252252252251,0.18060547932475818,1.1222176300324667
12.272272272272271,0.23541373533424043,1.0960375023800222
12.292292292292291,0.25415850105093796,1.1142929353252395
12.312312312312311,0.25400846524204534,1.075483484923981
12.332332332332332,0.2632438088514688,1.0942139723744029
12.352352352352352,0.31528000977787674,1.070758411233812
12.372372372372372,0.3309631785278918,1.091729837935386
12.392392392392392,0.36435691383195135,1.1046573247722364
12.412412412412412,0.3989561693356227,1.0464906173997965
12.432432432432432,0.42836552881484935,1.0483956572589186
12.452452452452452,0.436714405170177,1.0524818617988394
12.472472472472472,0.4285352174105725,1.006689762879228
12.492492492492492,0.45413863448969966,1.0029988892608515
12.512512512512512,0.49753057950241736,1.0554934141564616
12.532532532532532,0.4826766206217156,1.0218032032988833
12.552552552552552,0.5043456007437556,0.9934427831912307
12.572572572572572,0.5543831777076134,0.9951402692041025
12.592592592592592,0.5935204239378636,0.9758223610353277
12.612612612612612,0.5983359138892802,0.97663635298562
12.632632632632632,0.6136673898446027,0.9546388896522403
12.652652652652652,0.6159377438604913,0.9498467910725896
12.672672672672672,0.619153005692232,0.9536618559533361
12.692692692692692,0.6675863403097413,0.940251526083631
12.712712712712712,0.7037838804958307,0.9450323513306123
12.732732732732732,0.6837590475337012,0.9108844394459398
12.752752752752752,0.6967438012440487,0.8909894667885849
12.772772772772772,0.7149176955487708,0.9097518733327067
12.792792792792792,0.7516171719374305,0.8595552295268327
12.812812812812812,0.7853745802848874,0.8068141607938916
12.832832832832834,0.7381026134926997,0.8522072463224988
12.852852852852854,0.7961950890076229,0.8271247285174773
12.872872872872874,0.784772752444287,0.8072456993047854
12.892892892892894,0.8673951763331119,0.8095660221742919
12.912912912912914,0.846448406623807,0.7694574539980467
12.932932932932934,0.8505928488710652,0.7206035846173285
12.952952952952954,0.8787638089579819,0.7648462807725381
12.972972972972974,0.856918046307351,0.7192648728400107
12.992992992992994,0.8797895303191257,0.6975576258918741
13.013013013013014,0.9182021684399705,0.6593700976079344
13.033033033033034,0.9432934876898135,0.7001578542301028
13.053053053053054,0.9395400496784855,0.6193252497989441
13.073073073073074,0.9378630178606147,0.6772989732827209
13.093093093093094,0.9151329812584444,0.6292414753444929
13.113113113113114,0.9596635666976846,0.6356903490485528
13.133133133133134,0.9819984364429803,0.6109473549463964
13.153153153153154,1.018710781408402,0.6227306421633931
13.173173173173174,1.0149047463515255,0.5765394147582517
13.193193193193194,1.0004831900878275,0.5757196251627433
13.213213213213214,1.0258512031957305,0.5234752374664827
13.233233233233234,1.0511476451929593,0.4861032990138662
13.253253253253254,1.0663512479883148,0.5192780750771101
13.273273273273274,1.0774677906485826,0.45062090322256676
13.293293293293294,1.0786143118903466,0.47961696772260104
13.313313313313314,1.052658419869302,0.4255709694083775
13.333333333333334,1.1165213712150943,0.4346752498793792
13.353353353353354,1.115645227590461,0.4485920807835737
13.373373373373374,1.1248336211552548,0.40661507444826867
13.393393393393394,1.17737428861989,0.37116699134757986
13.413413413413414,1.1145372316124282,0.3659196343771776
13.433433433433434,1.1462476495006306,0.3286889630520101
13.453453453453454,1.123429079853452,0.3672226253246941
13.473473473473474,1.156858225506167,0.2881292337700069
13.493493493493494,1.1745184152658457,0.2822916979188588
13.513513513513514,1.156653794857353,0.2773737797379323
13.533533533533534,1.1410176700389196,0.25479214935127525
13.553553553553554,1.2098897639095927,0.23863540725803747
13.573573573573574,1.1685124902999289,0.2007062718946057
13.593593593593594,1.1718660280735784,0.18727313978554191
13.613613613613614,1.1761822031851232,0.19215326882616596
13.633633633633634,1.152368512020941,0.17251538184992066
13.653653653653654,1.182361680672113,0.1442393718779008
13.673673673673674,1.169966289771857,0.14467770508376693
13.693693693693694,1.2195969255540513,0.11868407485535064
13.713713713713714,1.1661945289719546,0.0974472149540962
13.733733733733734,1.2060190787900986,0.03012004308114343
13.753753753753754,1.1984951264998351,0.05086774621129827
13.773773773773774,1.210788267057274,0.028467526814684355
13.793793793793794,1.2058035681040895,0.03573614693414891
13.813813813813814,1.224438241320055,-0.06973647218387224
13.833833833833834,1.1931338694111502,-0.034345885867050764
13.853853853853854,1.163632263779826,-0.047822177421248814
13.873873873873874,1.2224676205405522,-0.09008292320419453
13.893893893893894,1.2026655213716613,-0.10530376987906445
13.913913913913914,1.180571334751255,-0.07606239584663094
13.933933933933934,1.1808578104865293,-0.11497340919976666
13.953953953953954,1.151611655846019,-0.10556026740355112
13.973973973973974,1.198044175685732,-0.16502424654836678
13.993993993993994,1.1940856791364323,-0.20811398570901363
14.014014014014014,1.2024380156096899,-0.20491333883419957
14.034034034034034,1.1705482699993444,-0.22675240934278965
14.054054054054054,1.1584891395215693,-0.2214779806713098
14.074074074074074,1.1703237634266592,-0.2407517216706179
14.094094094094094,1.1597649126554337,-0.2618978392097842
14.114114114114114,1.1459315707913846,-0.24589877506352037
14.134134134134134,1.116951144276704,-0.28355912941845557
14.154154154154154,1.1693035553468256,-0.344054761140355
14.174174174174174,1.1798020322616087,-0.3252809778196988
14.194194194194194,1.1475471230783776,-0.3627511532272882
14.214214214214214,1.1163254412460633,-0.3855582012704037
14.234234234234235,1.120665327484038,-0.3713382108938315
14.254254254254255,1.1083062539433515,-0.4355119438602887
14.274274274274275,1.1126357282161423,-0.41670601560017206
14.294294294294295,1.1003511077955228,-0.4379852948542076
14.314314314314315,1.0725952414649207,-0.4891568944349277
14.334334334334335,1.0510527178092184,-0.5208789739864631
14.354354354354355,1.0632070714506938,-0.5073370578916437
14.374374374374375,1.0393705257019141,-0.5821794679369277
14.394394394394395,1.0125788201429968,-0.5179446283393954
14.414414414414415,1.0132423994030204,-0.5503338462893133
14.434434434434435,0.9873880820762515,-0.5458400879518387
14.454454454454455,1.0006476027092606,-0.5857604203889731
14.474474474474475,1.0380321019728769,-0.578052044525196
14.494494494494495,0.9730381398732841,-0.6369313711871021
14.514514514514515,0.9599788304150539,-0.6314153875938838
14.534534534534535,0.9513757207549571,-0.665918492592332
14.554554554554555,0.9694874846408766,-0.6765453919544188
14.574574574574575,0.9724756040372611,-0.6885345608791403
14.594594594594595,0.9482097174747147,-0.6991250320985467
14.614614614614615,0.9174650517750015,-0.7365124614146727
14.634634634634635,0.8665196492058337,-0.728394639813235
14.654654654654655,0.8884450748532867,-0.7521646000578582
14.674674674674675,0.827719330043916,-0.7953609525181239
14.694694694694695,0.809375643211041,-0.8184918743607337
14.714714714714715,0.8242813697729651,-0.7754121979001504
14.734734734734735,0.8057030369449183,-0.8576773223370998
14.754754754754755,0.7857466672144562,-0.8300554778322549
14.774774774774775,0.8147878002759883,-0.8700393778914456
14.794794794794795,0.7480803992520421,-0.8206353940020903
14.814814814814815,0.7476447328078782,-0.8570927217067861
14.834834834834835,0.7234182295056163,-0.8751093139133982
14.854854854854855,0.718895497789072,-0.9109816949471023
14.874874874874875,0.7028620311286652,-0.9350622887006945
14.894894894894895,0.6735721158086025,-0.9165560256232781
14.914914914914915,0.6361348557245059,-0.9328234182731082
14.934934934934935,0.6172238210527148,-0.9657447729996113
14.954954954954955,0.6035802238575022,-0.9780256624181132
14.974974974974975,0.5978565557604092,-0.9902688459906279
14.994994994994995,0.5861647921592454,-1.0018961309547123
15.015015015015015,0.5409070771366512,-1.0014283488526672
15.035035035035035,0.5588333897558229,-0.9926627743892742
15.055055055055055,0.5079898480077265,-0.9992813980480674
15.075075075075075,0.4497783193343924,-1.0197530889947048
15.095095095095095,0.5113807970818696,-1.025518183105688
15.115115115115115,0.4521151069856874,-1.026110118798603
15.135135135135135,0.44782068284783766,-1.08555546530013
15.155155155155155,0.37524674519623646,-1.0495528233709661
15.175175175175175,0.37342109453859856,-1.035283152743622
15.195195195195195,0.3600889651573039,-1.1075854225733097
15.215215215215215,0.31956242565138665,-1.1308595200114542
15.235235235235235,0.31863493303850837,-1.086199087705453
15.255255255255255,0.2930955977580824,-1.0670078940964665
15.275275275275275,0.30370361433388876,-1.0977307233852092
15.295295295295295,0.21507705720083609,-1.0872932733975857
15.315315315315315,0.24681368037723045,-1.098340877719392
15.335335335335335,0.23317802382812533,-1.1322846482828164
15.355355355355355,0.2314805550578807,-1.1322016606750127
15.375375375375375,0.1839707209398736,-1.1503471515253372
15.395395395395395,0.1279943804229133,-1.0894187885515505
15.415415415415415,0.11893654751625005,-1.1056497233220446
15.435435435435435,0.10639889140690273,-1.1268029699863789
15.455455455455455,0.10640135723740242,-1.1312441930466852
15.475475475475475,0.020942478691764688,-1.1439329672187186
15.495495495495495,0.044991310917994104,-1.1208638381120344
15.515515515515515,-0.019977064136568093,-1.1437146068576447
15.535535535535535,-0.02287825535084064,-1.1365383523178232
15.555555555555555,-0.061365523353478876,-1.1413450531415312
15.575575575575575,-0.07100932253127319,-1.1124435143099953
15.595595595595595,-0.06282194104529965,-1.1294356378627854
15.615615615615615,-0.1093807879215683,-1.1219161232889878
15.635635635635635,-0.14036649494949233,-1.1453980001879478
15.655655655655655,-0.16528483506819278,-1.1324579764674043
15.675675675675675,-0.19213680951073359,-1.1133769131621154
15.695695695695695,-0.1765925871404036,-1.1447753169212667
15.715715715715715,-0.2129277368228584,-1.1134093679720098
15.735735735735735,-0.22875865869303488,-1.1048123511982317
15.755755755755755,-0.286725793441864,-1.1249138366182259
15.775775775775776,-0.2790281898560868,-1.0737767370914244
15.795795795795796,-0.34575265390853355,-1.0817025735977934
15.815815815815816,-0.2994097132829007,-1.0855257559020686
15.835835835835836,-0.3338040631909576,-1.089963388343785
15.855855855855856,-0.36866592850336166,-1.101351228603963
15.875875875875876,-0.4344924280615736,-1.042708604506582
15.895895895895896,-0.42848093666898307,-1.0629115474860682
15.915915915915916,-0.4575260547041857,-1.0738499113428803
15.935935935935936,-0.4541231379605087,-1.0517106239079619
15.955955955955956,-0.46376158232754283,-1.0191627109065533
15.975975975975976,-0.48539665003004007,-1.0141687027676685
15.995995995995996,-0.480561662842013,-1.0306598582674766
16.016016016016017,-0.5333227188624701,-0.9766688279282523
16.036036036036037,-0.5268368458985073,-1.017427421262509
16.056056056056057,-0.5780681636175523,-0.9511617718465148
16.076076076076077,-0.5811359990623421,-0.9634212506121413
16.096096096096097,-0.6149043928987956,-0.9636829731379004
16.116116116116117,-0.6238096620647964,-0.9494209448386178
16.136136136136138,-0.6492129810630617,-0.9308620627406765
16.156156156156158,-0.6804681817545428,-0.9095541419479928
16.176176176176178,-0.6269192957731846,-0.9432093627548386
16.196196196196198,-0.6967677497743261,-0.9100646520273705
16.216216216216218,-0.7094845757983784,-0.8808473530079669
16.236236236236238,-0.7233155793051776,-0.8449205588598038
16.256256256256258,-0.7519544870672492,-0.8321844521518891
16.276276276276278,-0.8196642165701209,-0.80916192958283
16.296296296296298,-0.7819725675538239,-0.8053182534717084
16.316316316316318,-0.8302823284198605,-0.829161268630768
16.336336336336338,-0.8190879086742978,-0.79833185429623
16.356356356356358,-0.8321735848785515,-0.7615282839720133
16.376376376376378,-0.8886697834358568,-0.7487596569605248
16.396396396396398,-0.8684281686702204,-0.7571266802928311
16.416416416416418,-0.9129385739056141,-0.727610115749082
16.436436436436438,-0.9464110922487425,-0.7091356674037707
16.456456456456458,-0.9422702386281732,-0.7052865088388065
16.476476476476478,-0.9287936658048043,-0.66704379890905
16.496496496496498,-0.9436451423277892,-0.6882299826666349
16.516516516516518,-0.9635421674065316,-0.6326428013617008
16.536536536536538,-0.9556954495027746,-0.6494135929722192
16.556556556556558,-0.9838318018282102,-0.6564989101645808
16.576576576576578,-0.983682219403232,-0.643666288952192
16.596596596596598,-0.9884292138408247,-0.5890786197494441
16.616616616616618,-0.9674015468154968,-0.5967073940697539
16.636636636636638,-1.0285287721663003,-0.5216710411651906
16.656656656656658,-1.0136398188196598,-0.5543773977299126
16.676676676676678,-1.0436352153506439,-0.5231193910988022
16.696696696696698,-1.052775118137189,-0.5197345212666937
16.716716716716718,-1.0701509935794415,-0.5202241020634482
16.736736736736738,-1.0752612080081367,-0.4616705311852471
16.756756756756758,-1.0917580617957234,-0.4852905862319177
16.776776776776778,-1.0763301987899105,-0.4279332610318704
16.796796796796798,-1.1191558215736146,-0.42299022299225114
16.816816816816818,-1.142825561410609,-0.419965670407457
16.836836836836838,-1.131385565304199,-0.35689750546749827
16.856856856856858,-1.1408757075911635,-0.3506035650422057
16.876876876876878,-1.1459461113276654,-0.3403283939465587
16.896896896896898,-1.14473848045519,-0.30964731313381144
16.916916916916918,-1.1589730849784454,-0.3403255811602959
16.936936936936938,-1.1819165790139523,-0.30122836321757535
16.956956956956958,-1.1848930104856832,-0.26405524001444225
16.976976976976978,-1.1744939517859678,-0.20639242001649294
16.996996996996998,-1.2048313834463509,-0.23139679819200162
17.017017017017018,-1.19716560972686,-0.22688557977319235
17.037037037037038,-1.1759378687594535,-0.24503949837926056
17.057057057057058,-1.1778190558094361,-0.14195803127404022
17.077077077077078,-1.1950426973006094,-0.15627681141637892
17.097097097097098,-1.1685223667459181,-0.1461845266010984
17.117117117117118,-1.2033149326874744,-0.16983133094559244
17.137137137137138,-1.181178504438963,-0.10797267329890226
17.157157157157158,-1.2161819066413997,-0.0845544798441916
17.177177177177178,-1.2091587843541327,-0.07901926032269427
17.197197197197198,-1.1865431101490311,-0.07657270252241388
17.217217217217218,-1.178533019259849,-0.059105836510471674
17.237237237237238,-1.213170262908168,0.025964283257930054
17.25725725725726,-1.1774325035886706,0.00811672846481097
17.27727727727728,-1.2184800122302948,0.014237597786771793
17.2972972972973,-1.1975202008801,0.04422829330903628
17.31731731731732,-1.1997460147407113,0.06150962955757435
17.33733733733734,-1.2007857312902805,0.051926083317911056
17.35735735735736,-1.2050250297937104,0.11768568110225722
17.37737737737738,-1.219885304727834,0.11421499713787239
17.3973973973974,-1.2063650407796842,0.13882854966368632
17.41741741741742,-1.1948218872635925,0.18472449336289612
17.43743743743744,-1.1736251766796304,0.1474923452987483
17.45745745745746,-1.1666687461304164,0.17676087448696004
17.47747747747748,-1.1875991082451025,0.21702644263173745
17.4974974974975,-1.1814900307558396,0.24707083664917925
17.51751751751752,-1.1823718943083654,0.23526273740403028
17.53753753753754,-1.1748671784167843,0.254717825317863
17.55755755755756,-1.13424626851027,0.2969530415353696
17.57757757757758,-1.1161547162225671,0.3480305953481332
17.5975975975976,-1.164725543443856,0.3223371628906547
17.61761761761762,-1.1610279564405754,0.32357448769895136
17.63763763763764,-1.143134590985407,0.33612425712040106
17.65765765765766,-1.1442371026931013,0.3724613797838533
17.67767767767768,-1.1398388316230317,0.41020419663291585
17.6976976976977,-1.1258046748284924,0.4674982880943244
17.71771771771772,-1.1080638997498569,0.43061882163883547
17.73773773773774,-1.1161726261897973,0.4810936798347395
17.75775775775776,-1.0587499779612162,0.4706207152341672
17.77777777777778,-1.0985965359661083,0.4865186795279639
17.7977977977978,-1.0842577057888172,0.5290828481849037
17.81781781781782,-1.0354637995169083,0.5191772941478657
17.83783783783784,-1.0898458321496929,0.5149300905355239
17.85785785785786,-1.0164878507997575,0.5760777072546399
17.87787787787788,-0.9968407858561547,0.5370875665299844
17.8978978978979,-1.001432933258952,0.6062263801673108
17.91791791791792,-1.0287316279844263,0.6026208188492063
17.93793793793794,-0.9778527162664837,0.6134950023991108
17.95795795795796,-1.0078038536013718,0.6295900813783073
17.97797797797798,-0.9644070020911371,0.6495923687012708
17.997997997998,-0.9559027695477755,0.6599928763483992
18.01801801801802,-0.9318751627259309,0.6938443998724855
18.03803803803804,-0.9232957297565578,0.692780608104049
18.05805805805806,-0.9011680841880294,0.678362704132022
18.07807807807808,-0.878967738063482,0.7323992857586586
18.0980980980981,-0.8728967836221545,0.7670696454415683
18.11811811811812,-0.8976218937913273,0.7236302516669263
18.13813813813814,-0.8376610783237965,0.7780166670407379
18.15815815815816,-0.8240059095949602,0.7837610821254549
18.17817817817818,-0.7980996202132683,0.8262859060661275
18.1981981981982,-0.7853936285282783,0.8168231959766281
18.21821821821822,-0.8206275167201323,0.851600411741621
18.23823823823824,-0.7371581830325076,0.8630441443731726
18.25825825825826,-0.7620280631864901,0.8773195362838874
18.27827827827828,-0.7097955275969114,0.9084560023616954
18.2982982982983,-0.7268328540264288,0.8859238999981863
18.31831831831832,-0.6764087145608637,0.9045036919547853
18.33833833833834,-0.6954886781341684,0.9242713820919981
18.35835835835836,-0.6431070003210151,0.93007483654441
18.37837837837838,-0.631582604967465,0.9351828466285622
18.3983983983984,-0.587464747421037,0.9340813014123606
18.41841841841842,-0.6096008673333017,0.9637418059069894
18.43843843843844,-0.5608739122830064,0.9446823906714916
18.45845845845846,-0.5850383520374935,0.9446559718474188
18.47847847847848,-0.5383454455849324,0.9734902528037186
18.4984984984985,-0.526651575686534,1.0191872184815107
18.51851851851852,-0.511553876013319,1.0203384866066976
18.53853853853854,-0.48428053496047324,1.0385508275210915
18.55855855855856,-0.44817750717230664,1.02030082002618
18.57857857857858,-0.4402623059012307,1.0636735039649798
18.5985985985986,-0.40806135941122135,1.023139856281036
18.61861861861862,-0.38169423246578593,1.0372820106342375
18.63863863863864,-0.34527987911080704,1.086959559898967
18.65865865865866,-0.34630973454072667,1.0767276489962334
18.67867867867868,-0.33472717539463415,1.093855009890206
18.6986986986987,-0.31627110443541906,1.091287952206174
18.71871871871872,-0.2696040423893942,1.0812175785600109
18.73873873873874,-0.27744030818783955,1.074023638445457
18.75875875875876,-0.26437462051128763,1.06637563943302
18.77877877877878,-0.20636083659428847,1.1437253984904836
18.7987987987988,-0.1702352463853667,1.0791958946391866
18.81881881881882,-0.16195001762307504,1.1438934124787765
18.83883883883884,-0.1632182474314,1.120773834061447
18.85885885885886,-0.17181333863696774,1.1269301581976736
18.87887887887888,-0.13044749051722856,1.127993070971269
18.8988988988989,-0.11787750436096096,1.136814685874422
18.91891891891892,-0.04360565810755311,1.1118015164723376
18.93893893893894,-0.06425115887978639,1.085401317656837
18.95895895895896,-0.02424114075537909,1.117494675802766
18.97897897897898,-0.027325842164722874,1.1383392656059887
18.998998998999,0.01730107369532398,1.1074639283482424
19.01901901901902,0.03780442971586958,1.1496521901461132
19.03903903903904,0.08353042476302058,1.1244214103466532
19.05905905905906,0.1064009746393347,1.1021489999900744
19.07907907907908,0.11717584060470708,1.1262099701243415
19.0990990990991,0.12959467698466515,1.1294218557506481
19.11911911911912,0.14579018170686645,1.1279134500955523
19.13913913913914,0.1947790667960543,1.0559360565969969
19.15915915915916,0.22981782111164814,1.049449765853654
19.17917917917918,0.2158785608746544,1.1265969315785838
19.1991991991992,0.24395097742146826,1.0720220045957518
19.21921921921922,0.25041987357753065,1.1167119555497402
19.23923923923924,0.2557546419331382,1.113158646524998
19.25925925925926,0.3148566007653627,1.0607176005076306
19.27927927927928,0.32594572061282495,1.0577945505873052
19.2992992992993,0.37644915628937514,1.0859534228696077
19.31931931931932,0.3461172062441629,1.0559968874150714
19.33933933933934,0.3844636513828063,1.0823068354668244
19.35935935935936,0.39579561143811426,1.0804994345799948
19.37937937937938,0.44303748499513823,1.0167711944807007
19.3993993993994,0.4508916351115214,1.0151960781484473
19.41941941941942,0.4594989747889779,1.0239740446022094
19.43943943943944,0.4808004136036266,0.9689568424354912
19.45945945945946,0.5179385530978783,0.9666386058139961
19.47947947947948,0.5304611647514887,0.9742975956244136
19.4994994994995,0.547844417193402,1.0219427967155206
19.51951951951952,0.5859466530027065,0.975942507748008
19.53953953953954,0.5686188907567038,0.9467428708879069
19.55955955955956,0.6275536785576826,0.927802006543716
19.57957957957958,0.6602757272848162,0.9124004931390063
19.5995995995996,0.6550139696305938,0.91259465612538
19.61961961961962,0.6824085688016802,0.89907465541023
19.63963963963964,0.6918334126158775,0.8944462329088886
19.65965965965966,0.7004353130429541,0.8958788136197016
19.67967967967968,0.7374998225985866,0.871144589525332
19.6996996996997,0.7414637921851696,0.8753276050152592
19.71971971971972,0.7624239682791167,0.8394906215746568
19.73973973973974,0.7860239730242032,0.8655401470490548
19.75975975975976,0.7736295874785689,0.832753358545069
19.77977977977978,0.7787922021238827,0.8072213472823893
19.7997997997998,0.8640840809654394,0.7979485916981195
19.81981981981982,0.8516252763581632,0.7620529708960272
19.83983983983984,0.8641634401790713,0.7531024721293523
19.85985985985986,0.8628480294126699,0.7370305379804116
19.87987987987988,0.8972517160365995,0.7119779950046358
19.8998998998999,0.8915627221692196,0.6844290090785975
19.91991991991992,0.929591271471684,0.7066762988269333
19.93993993993994,0.9401790937842988,0.6990406383104806
19.95995995995996,0.9507497495994705,0.6713831702869503
19.97997997997998,0.9681898858344132,0.6453629463269772
20.0,0.9642886339945056,0.6749792621481443
