t,x,tau
0.0,1.0060943415950887,-0.020799682124809912
0.02002002002002002,0.9953871367037745,0.0388313143478443
0.04004004004004004,0.9225211690913646,0.013996449902793699
0.06006006006006006,0.9460322780317123,0.05373520821318846
0.08008008008008008,0.9258272229384069,0.06301920152860847
0.10010010010010009,0.9271776558634787,0.11565593880867907
0.12012012012012012,0.8950600798715888,0.1426649442594808
0.14014014014014015,0.8879475304676968,0.12295429088247538
0.16016016016016016,0.8715232781443965,0.14098250814358018
0.18018018018018017,0.86794630468859,0.17918166196045515
0.20020020020020018,0.8335724178574259,0.18658160931212137
0.22022022022022023,0.8492615377262414,0.21712963057884418
0.24024024024024024,0.8044193658039344,0.2331975692304757
0.2602602602602603,0.812427099829016,0.2675691415475419
0.2802802802802803,0.7994360913315313,0.28889670034043796
0.3003003003003003,0.82400632077669,0.292171999972608
0.3203203203203203,0.7614978547697685,0.3040448657553628
0.34034034034034033,0.7751951773909688,0.3629197861947582
0.36036036036036034,0.752279311779969,0.3435572308211098
0.38038038038038036,0.7302874778453823,0.39339223613687446
0.40040040040040037,0.7543836922730088,0.4112634857665043
0.42042042042042044,0.7194592032269614,0.42506364688175485
0.44044044044044045,0.7288499209698381,0.4448142123750208
0.46046046046046046,0.7381744599660894,0.4649323714359542
0.4804804804804805,0.7290236766774509,0.4818320618702583
0.5005005005005005,0.716384242713394,0.5131262650172713
0.5205205205205206,0.6770593174097522,0.5141270961933745
0.5405405405405406,0.6928270037234998,0.5277629835756737
0.5605605605605606,0.6931825073296446,0.5904593867852485
0.5805805805805806,0.6782260405208855,0.5999461476724102
0.6006006006006006,0.6591366460628493,0.5939029000008851
0.6206206206206206,0.6936823142365185,0.6323450672478061
0.6406406406406406,0.7026547064140493,0.6565075853446392
0.6606606606606606,0.6798162935791194,0.6514136248073693
0.6806806806806807,0.7026567285343427,0.6768545941830484
0.7007007007007007,0.6590239046869767,0.678034956420631
0.7207207207207207,0.6655113295482243,0.730663935601796
0.7407407407407407,0.6864223863380039,0.7545504478220961
0.7607607607607607,0.6750016050502226,0.763931554582295
0.7807807807807807,0.6963191913287857,0.7745938499863759
0.8008008008008007,0.6934803113232559,0.7875622819794678
0.8208208208208209,0.6778867178075788,0.8131860629408543
0.8408408408408409,0.6622885327734472,0.8505802904565525
0.8608608608608609,0.678118441397002,0.8611107432354146
0.8808808808808809,0.698655413805954,0.8898115044014799
0.9009009009009009,0.7041043131513787,0.8989311912107124
0.9209209209209209,0.68429833260763,0.919326556702793
0.9409409409409409,0.6611863865430129,0.9119986914924791
0.960960960960961,0.6708385894435084,0.9410160244089314
0.980980980980981,0.7078280554751637,0.9628713998737798
1.001001001001001,0.6949796575939814,1.0269855669567225
1.021021021021021,0.6982882936680653,1.0357713323903628
1.0410410410410411,0.6897623010953479,1.0369322898836886
1.0610610610610611,0.6925959158275753,1.0542803995430499
1.0810810810810811,0.7316951606131181,1.0465346726172342
1.1011011011011012,0.726991482804795,1.1058558131477467
1.1211211211211212,0.7099459408998409,1.0921999640333522
1.1411411411411412,0.7269000401298352,1.130551286959865
1.1611611611611612,0.7338328425135926,1.16159820407163
1.1811811811811812,0.7650210178528449,1.1763940686317207
1.2012012012012012,0.7163968774107417,1.2047867139003274
1.2212212212212212,0.7452145430328087,1.24840497272603
1.2412412412412412,0.7615222593429706,1.2483786624242315
1.2612612612612613,0.7781405274681484,1.2374860001748043
1.2812812812812813,0.7401743713481015,1.2627497624531707
1.3013013013013013,0.7493002423621489,1.2737675783501752
1.3213213213213213,0.7739503258477707,1.3168768673793458
1.3413413413413413,0.7359977309707332,1.3210297597171905
1.3613613613613613,0.7758583372759222,1.378123892719249
1.3813813813813813,0.8136966302788784,1.439658630701528
1.4014014014014013,0.7862161203762094,1.381610639000764
1.4214214214214214,0.7394372353496471,1.426775650668298
1.4414414414414414,0.7699463454870492,1.4331342962378477
1.4614614614614614,0.7780596085763524,1.4586456437331337
1.4814814814814814,0.8156796171774522,1.4846224528303882
1.5015015015015014,0.7952007216216508,1.480788426444985
1.5215215215215214,0.7688410776288609,1.5117953633400547
1.5415415415415414,0.8051614172260472,1.576900139813139
1.5615615615615615,0.8126791350880476,1.5812163517820226
1.5815815815815815,0.8038519152348693,1.557882706253241
1.6016016016016015,0.7982207723695348,1.5870970803108866
1.6216216216216217,0.8636925031477519,1.605193888037134
1.6416416416416417,0.8414013666922323,1.623583098079901
1.6616616616616617,0.8466738734749809,1.669360680983779
1.6816816816816818,0.8282168594904709,1.6808664311589732
1.7017017017017018,0.8214515925175349,1.7106231457313434
1.7217217217217218,0.8285302156739536,1.697209606446377
1.7417417417417418,0.8150329016253111,1.7451935000961842
1.7617617617617618,0.8750090267858168,1.7649615940332306
1.7817817817817818,0.8437584507216169,1.7874983045738326
1.8018018018018018,0.8748185577879998,1.8061894518290789
1.8218218218218218,0.8429055340458785,1.8439475960230196
1.8418418418418419,0.8619781098466899,1.8725569616817617
1.8618618618618619,0.8591951509875757,1.837372481227452
1.8818818818818819,0.8301387056979523,1.9149004405265069
1.901901901901902,0.8937860840014444,1.89831151763625
1.921921921921922,0.8532950005778943,1.9511508077667659
1.941941941941942,0.8402946921767939,1.9240474015628255
1.961961961961962,0.8766058030281888,1.95406985950477
1.981981981981982,0.8647633512399908,1.9787131240114917
2.002002002002002,0.8725628584980809,2.0301516392282766
2.022022022022022,0.868384039595039,2.0349007978875595
2.042042042042042,0.826141745861981,2.0410676740034397
2.062062062062062,0.8506619167404732,2.03768580085359
2.0820820820820822,0.8501500499260206,2.075399613268066
2.1021021021021022,0.8860198575051534,2.075574247747311
2.1221221221221223,0.8681023141697091,2.1124387334554506
2.1421421421421423,0.8605204425025976,2.1621972986482345
2.1621621621621623,0.8772140869161955,2.188910124311017
2.1821821821821823,0.8625306421530196,2.1682633299487684
2.2022022022022023,0.8601012511213398,2.2070521380276267
2.2222222222222223,0.8668539912114961,2.200534460777555
2.2422422422422423,0.8636607103960976,2.2468068088450206
2.2622622622622623,0.9105110861084684,2.299799154487896
2.2822822822822824,0.8411878736000288,2.2765346150512986
2.3023023023023024,0.8268537646653016,2.2904881620230326
2.3223223223223224,0.8600817207933102,2.346439394740087
2.3423423423423424,0.8366106704491835,2.3292594135409863
2.3623623623623624,0.8054436986100334,2.3591090439514644
2.3823823823823824,0.8241115613071591,2.371793593835061
2.4024024024024024,0.8245652131788631,2.4005171513173513
2.4224224224224224,0.8034617545866266,2.3930815175146027
2.4424424424424425,0.8774857118310668,2.416693990816962
2.4624624624624625,0.8090194330991171,2.499200733028889
2.4824824824824825,0.884880300867646,2.4590511499059757
2.5025025025025025,0.8150068728758063,2.5093336135213127
2.5225225225225225,0.852307555589898,2.502785380953958
2.5425425425425425,0.8079585592203261,2.5580892940637776
2.5625625625625625,0.8164587528365496,2.5550394411379607
2.5825825825825826,0.7997552600137969,2.555084666415183
2.6026026026026026,0.7921058040536966,2.5972748528024234
2.6226226226226226,0.795719935024165,2.6115160782462423
2.6426426426426426,0.7944848204467944,2.662896958999039
2.6626626626626626,0.7819110882134779,2.6696977908306465
2.6826826826826826,0.7733858089620165,2.6826843705445107
2.7027027027027026,0.7511844236680612,2.7090325879361687
2.7227227227227226,0.756736474479206,2.7645860889013347
2.7427427427427427,0.7829908485898978,2.7504596737938725
2.7627627627627627,0.7288803768666489,2.7405145333230942
2.7827827827827827,0.7603598001775808,2.7880377672857253
2.8028028028028027,0.7383144214831029,2.7679110830633187
2.8228228228228227,0.7392157896980991,2.83191122958711
2.8428428428428427,0.6901965077919195,2.833412346693844
2.8628628628628627,0.7092020958774425,2.8639121988299876
2.8828828828828827,0.6893934954862604,2.8808131175215634
2.9029029029029028,0.6812951981315856,2.905954153144952
2.9229229229229228,0.7066533060117515,2.871589754104297
2.942942942942943,0.6631684206317259,2.9464731913703917
2.962962962962963,0.6643029556145863,2.955524671336537
2.982982982982983,0.613524540223481,2.989542892657265
3.003003003003003,0.6732827973438985,2.97232577490468
3.023023023023023,0.6458928584531073,3.016452518560565
3.043043043043043,0.6170768763074458,3.0219850728289637
3.063063063063063,0.6011108376894758,3.0890639549570422
3.083083083083083,0.6087622702607798,3.1177293151912817
3.103103103103103,0.6097823857333473,3.1118848366816945
3.123123123123123,0.6100568652943542,3.131902986297889
3.143143143143143,0.5805043693583622,3.137211724072449
3.163163163163163,0.5538678104410362,3.1492146866971575
3.183183183183183,0.5607502635087376,3.1596171107208857
3.203203203203203,0.5448603170685804,3.1993901820531
3.2232232232232234,0.5407297309163885,3.2382406029978488
3.2432432432432434,0.5416497482543584,3.2578587370660164
3.2632632632632634,0.46157250183102405,3.2619241998052995
3.2832832832832834,0.45719805980680833,3.272917686435958
3.3033033033033035,0.4983401313111549,3.3160539795212576
3.3233233233233235,0.4414708995590817,3.3030489759945154
3.3433433433433435,0.4432998825447542,3.319012140355721
3.3633633633633635,0.4162812292673204,3.369603552794388
3.3833833833833835,0.4397394754944481,3.3955586128278723
3.4034034034034035,0.35761046322986806,3.409490737984009
3.4234234234234235,0.3915582421681571,3.4317012291308773
3.4434434434434436,0.4090059267960122,3.4021786779073486
3.4634634634634636,0.35131128031837566,3.4752815899193306
3.4834834834834836,0.3178451978710609,3.5130024644445537
3.5035035035035036,0.343084802422506,3.5204351832203717
3.5235235235235236,0.3104410118230725,3.539798797322848
3.5435435435435436,0.3292779993172642,3.548201103946287
3.5635635635635636,0.29855662603597555,3.568970428349198
3.5835835835835836,0.2624780370861197,3.5806330099787766
3.6036036036036037,0.2624921046630075,3.6112714808906734
3.6236236236236237,0.2712629630947833,3.6024529019840554
3.6436436436436437,0.2344216033144637,3.673272754596823
3.6636636636636637,0.20764182141577747,3.647218663317857
3.6836836836836837,0.21209315848520613,3.7005713874933903
3.7037037037037037,0.19375583757457818,3.7302829155124435
3.7237237237237237,0.1960955325963542,3.740560125061525
3.7437437437437437,0.17543162568032952,3.7902968057506654
3.7637637637637638,0.14559829132492952,3.7236933179224336
3.7837837837837838,0.167106734031836,3.7746297951646475
3.803803803803804,0.122472599950759,3.829994817501014
3.823823823823824,0.07354172045384502,3.798790879541701
3.843843843843844,0.05881722052294015,3.8279611180433353
3.863863863863864,0.08488071654979495,3.874347620720119
3.883883883883884,0.06685341240734644,3.8556285662060366
3.903903903903904,0.00036595822951676626,3.9049909756117116
3.923923923923924,0.02237818447963194,3.933111639358256
3.943943943943944,0.031109468117708736,3.9467087725851173
3.963963963963964,0.01754620030744611,3.9685481914462652
3.983983983983984,-0.0017601311964988292,3.969890518726586
4.004004004004004,-0.03063128526439707,4.007939525937143
4.024024024024024,-0.02527334915993576,4.016149200579533
4.044044044044044,-0.045867229068669094,4.0387272682057365
4.064064064064064,-0.0732044389187303,4.080654444904546
4.084084084084084,-0.12522876993955087,4.058154637522589
4.104104104104104,-0.1294707753254612,4.057431781707138
4.124124124124124,-0.1277920065025238,4.139112802118679
4.1441441441441444,-0.13425881756585542,4.148099945782982
4.1641641641641645,-0.12104061311194464,4.1907178868095185
4.1841841841841845,-0.15839561749896003,4.211255901975572
4.2042042042042045,-0.16927697290792065,4.187456239727656
4.2242242242242245,-0.1970276221807422,4.194613493972924
4.2442442442442445,-0.21683060118246145,4.237083910482756
4.2642642642642645,-0.19682749892752557,4.298679660887585
4.2842842842842845,-0.25427186958701964,4.292140833649483
4.3043043043043046,-0.26106075386924155,4.313798246073569
4.324324324324325,-0.2563807091422557,4.287706207807374
4.344344344344345,-0.24858451143273783,4.33224433008817
4.364364364364365,-0.29109725394316244,4.3429693161385705
4.384384384384385,-0.3066460266641023,4.392942193198283
4.404404404404405,-0.3103537088921844,4.410977644450054
4.424424424424425,-0.3122012789242324,4.450837657534988
4.444444444444445,-0.339023899716231,4.41490728810753
4.464464464464465,-0.3234049402808741,4.457834701022519
4.484484484484485,-0.3348867395714025,4.492152026748134
4.504504504504505,-0.3720738188067392,4.511480022385431
4.524524524524525,-0.34254192765525443,4.5660641351055995
4.544544544544545,-0.3921197080146655,4.547748356410886
4.564564564564565,-0.38375719166655414,4.547651343909218
4.584584584584585,-0.4102202963077099,4.584067327625507
4.604604604604605,-0.4220238926395903,4.587937228485616
4.624624624624625,-0.47133007105839225,4.583164955904799
4.644644644644645,-0.47293511450930953,4.635471138945858
4.664664664664665,-0.4673078262479916,4.703409287913255
4.684684684684685,-0.4499844178842546,4.665442862357852
4.704704704704705,-0.47561008834804286,4.696563139977698
4.724724724724725,-0.4985072163096196,4.728431237713033
4.744744744744745,-0.4904840143380934,4.737959575067064
4.764764764764765,-0.49142590151675386,4.741926000241917
4.784784784784785,-0.5221959106337856,4.836738259316702
4.804804804804805,-0.5272614695764926,4.833469094936929
4.824824824824825,-0.5390700779236092,4.836440366731421
4.844844844844845,-0.5509871225234949,4.841436693221561
4.864864864864865,-0.5741622478820435,4.873470892044016
4.884884884884885,-0.58409134237021,4.898196589611153
4.904904904904905,-0.5536064968839645,4.91223553304965
4.924924924924925,-0.5890493613429235,4.9340042365110985
4.944944944944945,-0.5972674740991597,4.963655887454248
4.964964964964965,-0.6352462976527325,4.958252817602592
4.984984984984985,-0.6457102703542106,4.955083768380441
5.005005005005005,-0.5856415807206221,5.022908704644439
5.025025025025025,-0.6340795123958989,4.994974955904207
5.045045045045045,-0.6854953013062278,5.034175134886392
5.065065065065065,-0.5840525220151431,5.073762750494338
5.085085085085085,-0.6496472915205818,5.094386689275091
5.105105105105105,-0.6754067093596724,5.099158637851152
5.125125125125125,-0.6476642133486045,5.123403112088704
5.145145145145145,-0.6390363397106444,5.152038049669867
5.165165165165165,-0.646415176998958,5.15139771952055
5.185185185185185,-0.6464833228509829,5.217763924137665
5.205205205205205,-0.6882275234746718,5.187451292090914
5.225225225225225,-0.646219093980249,5.221398345491324
5.245245245245245,-0.6486924285510762,5.236394531007401
5.265265265265265,-0.6512244393159885,5.2678949816013745
5.285285285285285,-0.6784383884397792,5.316579645718683
5.305305305305305,-0.6938359188747726,5.286482863386806
5.325325325325325,-0.6982881867309921,5.334372004338188
5.345345345345345,-0.7230663548163203,5.358094763398368
5.365365365365365,-0.7046778889762371,5.388321618580036
5.385385385385385,-0.7436552291443028,5.3696540698833015
5.405405405405405,-0.7310825797795173,5.388880816078126
5.425425425425425,-0.6936981994973042,5.42184089291643
5.445445445445445,-0.7047320639151762,5.442261748017844
5.465465465465465,-0.696324137212119,5.445294744626604
5.485485485485485,-0.6866965037018965,5.498738804893195
5.505505505505505,-0.6932884601637633,5.5166361743605306
5.525525525525525,-0.6949307460466959,5.566226991580146
5.545545545545545,-0.7021851916878602,5.5394038811788535
5.565565565565565,-0.7148126379457017,5.544920312154009
5.585585585585585,-0.7236452491976593,5.567809639320967
5.605605605605605,-0.6988985841284469,5.612291508175559
5.625625625625625,-0.6949073343732854,5.610314920077031
5.645645645645645,-0.6760884293207925,5.6604338990916645
5.665665665665665,-0.6951645994607404,5.652607342772371
5.685685685685685,-0.6786010896989194,5.689445157435408
5.7057057057057055,-0.7158497567334507,5.704346100586017
5.7257257257257255,-0.6786847625755859,5.7077318299959705
5.7457457457457455,-0.6768888474802093,5.71664929604059
5.7657657657657655,-0.6504455756239179,5.790724765466954
5.7857857857857855,-0.6784280592024676,5.793054872542567
5.8058058058058055,-0.7175109928715605,5.782678852600499
5.8258258258258255,-0.6708511007009638,5.804383165397288
5.8458458458458455,-0.6460804993623326,5.885791776460805
5.865865865865866,-0.679025486200808,5.849116597784161
5.885885885885886,-0.6456428654662193,5.918108208855878
5.905905905905906,-0.6693939655885384,5.910886628352045
5.925925925925926,-0.6028533871821865,5.89289074296234
5.945945945945946,-0.658974209089405,5.9374738138167285
5.965965965965966,-0.6375810680956508,5.982217991721038
5.985985985985986,-0.6158981342190761,5.950486744793143
6.006006006006006,-0.6037333447913005,5.994455228258893
6.026026026026026,-0.5816137706135381,6.013474275297288
6.046046046046046,-0.612649959719936,6.056868678262136
6.066066066066066,-0.5772307768902806,6.07502805334479
6.086086086086086,-0.6185326524383272,6.096846774884651
6.106106106106106,-0.5976011438514375,6.110811628337871
6.126126126126126,-0.5972500476575713,6.135052569076987
6.146146146146146,-0.5765371271021632,6.120493453140935
6.166166166166166,-0.5375313570146212,6.170999056599701
6.186186186186186,-0.5552662252382944,6.215209763166607
6.206206206206206,-0.5427585708988808,6.206848359685624
6.226226226226226,-0.5193096623539597,6.213832907543654
6.246246246246246,-0.5057949480866298,6.235577199302951
6.266266266266266,-0.5137713607940678,6.293519119062332
6.286286286286286,-0.5164663387990577,6.238030679667696
6.306306306306306,-0.453351010102672,6.3572928653584455
6.326326326326326,-0.4833934623380185,6.2875895655139225
6.346346346346346,-0.4710234437770857,6.340621887349532
6.366366366366366,-0.4579495291367077,6.344098605527929
6.386386386386386,-0.43171303292561986,6.396876533892107
6.406406406406406,-0.46216587472108966,6.420390341040304
6.426426426426427,-0.38002233273867075,6.429865633075168
6.446446446446447,-0.41645009833945446,6.443606382158296
6.466466466466467,-0.38585991107035406,6.4318530343563225
6.486486486486487,-0.38317723388353364,6.47867720749723
6.506506506506507,-0.3376518263891383,6.503023051830407
6.526526526526527,-0.32924191924985635,6.504451712570887
6.546546546546547,-0.3386987472062898,6.552934551822371
6.566566566566567,-0.3555269548190674,6.570114488859305
6.586586586586587,-0.3014604959670801,6.580110752500855
6.606606606606607,-0.3469827903608792,6.606255350077058
6.626626626626627,-0.3184975352427182,6.619779807853349
6.646646646646647,-0.28926435533172745,6.612533602326336
6.666666666666667,-0.30701245185998605,6.676308003377177
6.686686686686687,-0.27210871821989013,6.635391799850276
6.706706706706707,-0.23280615543703326,6.7121541018121915
6.726726726726727,-0.24952815743297702,6.700390122505562
6.746746746746747,-0.20518640049865902,6.753733759197956
6.766766766766767,-0.16081206193080436,6.775170538741266
6.786786786786787,-0.18718665995486178,6.783448228184616
6.806806806806807,-0.16500233418250856,6.81930851083177
6.826826826826827,-0.1426264716149649,6.816400368454081
6.846846846846847,-0.16262374063951898,6.8372647834286076
6.866866866866867,-0.124291211073039,6.896834355672802
6.886886886886887,-0.13541830421820053,6.878391412331025
6.906906906906907,-0.10604237522630394,6.901991676906649
6.926926926926927,-0.07931904986350954,6.881891381114547
6.946946946946947,-0.10088982567231383,6.931298620267718
6.966966966966967,-0.11672348195257679,6.947694198079591
6.986986986986987,-0.07455080645168474,6.982964893896611
7.007007007007007,-0.019896034789636714,7.002105793983193
7.027027027027027,-0.048661310598563726,7.025887936202756
7.047047047047047,0.0070610602566902846,7.027527870724749
7.067067067067067,-0.018004659607791382,7.078238046252552
7.087087087087087,0.009906307509413435,7.100036780901276
7.107107107107107,0.028189543967121394,7.121140380068899
7.127127127127127,0.021875945842950897,7.126885434111362
7.147147147147147,0.052462638016251825,7.122829328665064
7.167167167167167,0.03948404156764493,7.18088214787266
7.187187187187187,0.07778428583460117,7.16674158155424
7.207207207207207,0.09689640642920529,7.229767584354193
7.227227227227227,0.06718316381324729,7.197294453429161
7.247247247247247,0.10827379366139893,7.276470824581654
7.267267267267267,0.14626692975498423,7.282613612076492
7.287287287287287,0.131640122124781,7.264896569781877
7.307307307307307,0.17716668906700173,7.308472793926017
7.327327327327327,0.1928856541456267,7.3235739075087585
7.347347347347347,0.20110209709442783,7.3505097290454495
7.367367367367367,0.2246453204153741,7.383507533006257
7.387387387387387,0.1901602421552012,7.34244201628057
7.407407407407407,0.2559718461054951,7.431161909272646
7.4274274274274275,0.22880990234635007,7.390230719296515
7.4474474474474475,0.26438931230243984,7.466064211974458
7.4674674674674675,0.31144229007406793,7.477793418909497
7.4874874874874875,0.2810281240191158,7.46962487505579
7.5075075075075075,0.3015486039839242,7.501522213429802
7.5275275275275275,0.2937552350693626,7.568502640544793
7.5475475475475475,0.3623717520985934,7.570268521218656
7.5675675675675675,0.3207328761758768,7.584667954053513
7.587587587587588,0.3642886074049301,7.5964385000716685
7.607607607607608,0.38869531439421345,7.620315030464833
7.627627627627628,0.3905630531340115,7.640365753295072
7.647647647647648,0.3944893392232389,7.611975425053364
7.667667667667668,0.4011018741877636,7.656543828490685
7.687687687687688,0.3854290516190573,7.721324020073704
7.707707707707708,0.4570380134578345,7.73489211971362
7.727727727727728,0.4388258342704736,7.754740230146781
7.747747747747748,0.44505278752850425,7.751803693285703
7.767767767767768,0.4338546987924804,7.775707593857745
7.787787787787788,0.46766210807955233,7.761734745451099
7.807807807807808,0.47597425987123543,7.806213216530671
7.827827827827828,0.5233025509510479,7.845712094398096
7.847847847847848,0.4977385165169971,7.852823594043869
7.867867867867868,0.5083532100318076,7.863809588171957
7.887887887887888,0.49557684663979107,7.884866850335749
7.907907907907908,0.5118530063067339,7.882901597129445
7.927927927927928,0.5463383054505373,7.935753221126593
7.947947947947948,0.5095041827713265,7.945494255198045
7.967967967967968,0.5740587254022861,7.989152442745894
7.987987987987988,0.583346120614979,7.988766252126017
8.008008008008009,0.5543879956978196,7.9863340314608475
8.028028028028029,0.5864119536348051,8.035613628715332
8.048048048048049,0.6132655597491636,8.07004764105489
8.068068068068069,0.5926383599814827,8.043183950490851
8.088088088088089,0.5964265906608244,8.0924327119843
8.108108108108109,0.6060516181944856,8.096550225946556
8.128128128128129,0.6221913849633449,8.118048973299917
8.148148148148149,0.6113657876328052,8.154377204834217
8.168168168168169,0.6224309629551491,8.173050255947736
8.188188188188189,0.642226256036494,8.165399608166357
8.208208208208209,0.6331738427135271,8.236963747006538
8.228228228228229,0.6253362663411169,8.185895139248819
8.248248248248249,0.6168605230551676,8.248830447179783
8.268268268268269,0.6599735013309865,8.265916051159767
8.288288288288289,0.6886327298185849,8.23483159962623
8.308308308308309,0.676995427875326,8.339537072344381
8.328328328328329,0.6509810899667269,8.32073219809253
8.348348348348349,0.6626691665652823,8.330461427426798
8.368368368368369,0.6751207252579781,8.396918074042059
8.388388388388389,0.7220397434134136,8.381669603887586
8.408408408408409,0.7267648748154596,8.409119937948102
8.428428428428429,0.7268334113238883,8.42656245543536
8.448448448448449,0.6971996823110879,8.455757937901305
8.468468468468469,0.7606964138719114,8.485494179965364
8.488488488488489,0.6852357190062592,8.507868445894006
8.508508508508509,0.6941259717353222,8.498713504850485
8.528528528528529,0.7212354082407889,8.529150240283952
8.548548548548549,0.7100541169986142,8.548828252985855
8.568568568568569,0.7123513632376437,8.577067886517293
8.588588588588589,0.6677348881182978,8.60192004196078
8.608608608608609,0.6874054427634985,8.579762625897422
8.62862862862863,0.7061660553871495,8.630308248694918
8.64864864864865,0.6934693295916338,8.665269285802008
8.66866866866867,0.6802178393769055,8.660529793693218
8.68868868868869,0.6948025755802812,8.687756943281903
8.70870870870871,0.7112331061282948,8.688550849716238
8.72872872872873,0.7190146158412164,8.729988776095423
8.74874874874875,0.6652810064457539,8.709576919940808
8.76876876876877,0.7011829043706067,8.764349422413042
8.78878878878879,0.697389309974767,8.788229139658185
8.80880880880881,0.70171717963176,8.827761801005774
8.82882882882883,0.6724529027455136,8.805389396970813
8.84884884884885,0.6699993009506037,8.854627182192223
8.86886886886887,0.7136783848770923,8.86024208010408
8.88888888888889,0.6353832138473335,8.854809031636682
8.90890890890891,0.6651197079821164,8.897754331159005
8.92892892892893,0.6697028154296697,8.929700551388548
8.94894894894895,0.6674542845676842,8.969935741159818
8.96896896896897,0.6557176375090944,8.951722609779459
8.98898898898899,0.6740961967726308,8.958276147590468
9.00900900900901,0.667327042078555,9.011060072683534
9.02902902902903,0.6513346949594692,9.060794551172014
9.04904904904905,0.6363276474506583,9.090255012459531
9.06906906906907,0.6384915397148763,9.043528740169664
9.08908908908909,0.6383693650213035,9.067564185082714
9.10910910910911,0.6156515073244717,9.11704977510942
9.12912912912913,0.6352612780687459,9.116685775124044
9.14914914914915,0.6371107293291997,9.172299304309572
9.16916916916917,0.6390543485452719,9.179757437311684
9.18918918918919,0.6303180884415512,9.15157322062971
9.20920920920921,0.5891710115976668,9.191869104082741
9.22922922922923,0.5901547269766707,9.217800244845295
9.24924924924925,0.5764526673083227,9.286892746853331
9.26926926926927,0.5681547918549875,9.277545115613075
9.28928928928929,0.5584482079898535,9.290803555048425
9.30930930930931,0.5545327643182565,9.318275790628773
9.32932932932933,0.5688153249458023,9.362277209281396
9.34934934934935,0.5425797934170127,9.36114028707006
9.36936936936937,0.5040334461122368,9.367611834521057
9.38938938938939,0.5363087364243564,9.406708762157733
9.40940940940941,0.5119800443554339,9.427137288600768
9.42942942942943,0.5076046865488055,9.453435554594616
9.44944944944945,0.493418626851228,9.442335483138029
9.46946946946947,0.48399501742548845,9.410857581952413
9.48948948948949,0.4743914609949645,9.416521232985193
9.50950950950951,0.42153306256663015,9.51854488152833
9.52952952952953,0.4546388310205305,9.506280953926732
9.54954954954955,0.41975381782570736,9.576960369321831
9.56956956956957,0.4130490154839374,9.61442797581763
9.58958958958959,0.41125564027447953,9.597750313127214
9.60960960960961,0.4320311854554822,9.612230151933478
9.62962962962963,0.36788636585646584,9.627435080595744
9.64964964964965,0.3753051783079324,9.622354816605618
9.66966966966967,0.35883427407416385,9.654825827789722
9.68968968968969,0.37022580236314767,9.690381927173394
9.70970970970971,0.33372956562113615,9.707586071097259
9.72972972972973,0.3313588050643871,9.742066013723525
9.74974974974975,0.29428206000512463,9.728917997097325
9.76976976976977,0.3236239412245375,9.761523032325675
9.78978978978979,0.26032678651909413,9.798666043977452
9.80980980980981,0.2849486697724456,9.779195504664676
9.82982982982983,0.26717812948295877,9.844541491678397
9.84984984984985,0.2568782686274181,9.862489479525077
9.86986986986987,0.20800731317415708,9.876490672969794
9.88988988988989,0.21664789420117475,9.880234086715397
9.90990990990991,0.226629800611505,9.939495400123395
9.92992992992993,0.23154069639599478,9.956226087360047
9.94994994994995,0.1798148620607532,9.957004353210477
9.96996996996997,0.1836293638341176,9.972393528955958
9.98998998998999,0.15712415666838175,10.006465052627513
10.01001001001001,0.1394773162689878,9.995424271282538
10.03003003003003,0.1184712824353461,10.042708237584705
10.05005005005005,0.1128676335515516,10.056854249587417
10.07007007007007,0.11221121635575645,10.062573240812117
10.09009009009009,0.09989690697948132,10.097666942159258
10.11011011011011,0.04600406859279561,10.138956205933836
10.13013013013013,0.04658553533749803,10.097028223266426
10.15015015015015,0.021577019831066514,10.129729246936584
10.17017017017017,0.029381846358381772,10.164693160059246
10.19019019019019,0.007450914087739202,10.20258422949984
10.21021021021021,0.00682859302438148,10.216531167623096
10.23023023023023,-0.005928780967402092,10.242552923590274
10.25025025025025,-0.07043514703696944,10.242961485204962
10.27027027027027,-0.0860196360731554,10.270991468806226
10.29029029029029,-0.056630408562195055,10.311200935786085
10.31031031031031,-0.046884675603236975,10.314365811275357
10.33033033033033,-0.09471584970762413,10.340033552581245
10.35035035035035,-0.10930425532334416,10.350322497321484
10.37037037037037,-0.09302083418031734,10.359214943450581
10.39039039039039,-0.11058242134624016,10.403938417764236
10.41041041041041,-0.15969345023054787,10.42988829297476
10.43043043043043,-0.14047152169204893,10.432468948177883
10.45045045045045,-0.18347261827381778,10.433266330078938
10.47047047047047,-0.19269524298866653,10.481322359736309
10.49049049049049,-0.2146973817943104,10.499240735462887
10.51051051051051,-0.23398445456827002,10.506429138821733
10.53053053053053,-0.22043699794370022,10.579433133431708
10.55055055055055,-0.2635676163504258,10.579990841880353
10.57057057057057,-0.24632117926058722,10.57879400893089
10.59059059059059,-0.26014783782092615,10.599485126954495
10.61061061061061,-0.27868002336647457,10.63969161423976
10.63063063063063,-0.2977167807417832,10.653275322074215
10.65065065065065,-0.3143400461650533,10.649445613722625
10.67067067067067,-0.3356364539377721,10.679771145077622
10.69069069069069,-0.29791322748970517,10.689143567094273
10.71071071071071,-0.3432409927962178,10.688418371449352
10.73073073073073,-0.35624064916931714,10.6988748455363
10.75075075075075,-0.38212290865886256,10.755286471672934
10.77077077077077,-0.3495497791504577,10.82695498799536
10.79079079079079,-0.39957574459700573,10.8194967939237
10.81081081081081,-0.39472752501458813,10.807785857875883
10.83083083083083,-0.4025490377797769,10.83206916050443
10.85085085085085,-0.4204265371901727,10.842684187594317
10.87087087087087,-0.4618607590314847,10.83999836682043
10.89089089089089,-0.4319238575126823,10.885356889089175
10.91091091091091,-0.4678223542847675,10.911081023445373
10.93093093093093,-0.4507310118569479,10.934538209791459
10.95095095095095,-0.4902927952769883,10.97547681006393
10.97097097097097,-0.4559387595387755,10.980862104077428
10.99099099099099,-0.4782045585103474,11.015830190927266
11.01101101101101,-0.4850317187519432,11.023292994553263
11.03103103103103,-0.5054191678025486,11.04142424249796
11.05105105105105,-0.548877883581095,11.065065514188243
11.07107107107107,-0.5633812236900395,11.05517908196857
11.09109109109109,-0.5193125103454879,11.107895494344975
11.11111111111111,-0.5245361127285229,11.105677623437366
11.13113113113113,-0.5860071533398211,11.126322387189724
11.15115115115115,-0.5693740018503297,11.15273092547795
11.17117117117117,-0.5569644363850778,11.163945762671101
11.19119119119119,-0.5805884468823286,11.171418648202499
11.21121121121121,-0.5863783496946934,11.211273382214923
11.23123123123123,-0.617897880953846,11.226514643987734
11.25125125125125,-0.6138603964440978,11.245848148664509
11.27127127127127,-0.5817807578619628,11.269302351225113
11.29129129129129,-0.6288688215684244,11.249342272139089
11.31131131131131,-0.64840825926711,11.306049842822183
11.33133133133133,-0.6505216572882427,11.358965483198887
11.35135135135135,-0.6461286137429317,11.377120236337715
11.37137137137137,-0.6473633677972537,11.372115928099802
11.391391391391391,-0.6558810270471758,11.391467316423821
11.411411411411411,-0.6249746643383252,11.365019196876387
11.431431431431431,-0.7043626734085547,11.420568014810309
11.451451451451451,-0.668756126329119,11.465253539946731
11.471471471471471,-0.6640317061368392,11.46378655321386
11.491491491491491,-0.6572894013773496,11.512095399554546
11.511511511511511,-0.6778943302041265,11.530764662961248
11.531531531531531,-0.6797546145200614,11.520301870995873
11.551551551551551,-0.6746085806184919,11.553763814003124
11.571571571571571,-0.691619537516016,11.601030643015363
11.591591591591591,-0.7434679799608221,11.5632379081884
11.611611611611611,-0.7207178110684898,11.604346398660235
11.631631631631631,-0.7043150798721542,11.60148511867617
11.651651651651651,-0.7208923397417644,11.63443481808118
11.671671671671671,-0.6537259219223701,11.707706510626615
11.691691691691691,-0.7125129037177158,11.684420025885554
11.711711711711711,-0.7283832302202112,11.673549103447206
11.731731731731731,-0.7085752630247946,11.71177469206685
11.751751751751751,-0.7084901183957497,11.719747634770881
11.771771771771771,-0.7223047625727725,11.774744313677827
11.791791791791791,-0.6997298540832626,11.80014123096663
11.811811811811811,-0.7331692099327247,11.828905526414522
11.831831831831831,-0.7221857794329891,11.844488990123978
11.851851851851851,-0.7055333973085869,11.824324101870292
11.871871871871871,-0.7105009631171498,11.879179146713147
11.891891891891891,-0.6904918520072126,11.889072133943003
11.911911911911911,-0.6704080705675721,11.932062127331642
11.931931931931931,-0.704188242374715,11.94693436817467
11.951951951951951,-0.6581106207994757,11.991161643967612
11.971971971971971,-0.7187985465796735,11.953441309748829
11.991991991991991,-0.6617139822244993,11.970826370975239
12.012012012012011,-0.7147598732476227,12.00228812939803
12.032032032032031,-0.6765253353590875,12.02998409789981
12.052052052052051,-0.6942874415007283,12.03856780281756
12.072072072072071,-0.69159615618562,12.054481879498892
12.092092092092091,-0.6275185236096829,12.098042313515803
12.112112112112111,-0.6509479683612891,12.102330562749733
12.132132132132131,-0.6676662438920564,12.117861052504724
12.152152152152151,-0.71197912998918,12.124591966615194
12.172172172172171,-0.6898910870939827,12.127176496613139
12.192192192192191,-0.6720576501150093,12.218691305779824
12.212212212212211,-0.6432511734688694,12.238023487458635
12.232232232232231,-0.6280973214270642,12.247883408746535
12.252252252252251,-0.6480344024963797,12.262731271336104
12.272272272272271,-0.6088891585444891,12.260739326427597
12.292292292292291,-0.6054697335218374,12.303616047463787
12.312312312312311,-0.6206015358369444,12.28985694366689
12.332332332332332,-0.6259986634003405,12.33406244317076
12.352352352352352,-0.5882401062285634,12.336501835743194
12.372372372372372,-0.5864744169752806,12.383783113095141
12.392392392392392,-0.566632859943181,12.42342999479484
12.412412412412412,-0.5452155489618796,12.39238658375728
12.432432432432432,-0.5286131760119953,12.421812902341317
12.452452452452452,-0.5326918160743126,12.453812184973474
12.472472472472472,-0.5529147555915944,12.436318535276973
12.492492492492492,-0.5389672522565095,12.46130482778638
12.512512512512512,-0.5068395305042496,12.542848365655297
12.532532532532532,-0.5325623942874517,12.538571947382916
12.552552552552552,-0.5213636031714416,12.539982857949816
12.572572572572572,-0.4813943317596407,12.571801807335703
12.592592592592592,-0.45192056885984533,12.582947943018533
12.612612612612612,-0.45636103330977046,12.614560880871768
12.632632632632632,-0.4498755114161053,12.623689479486032
12.652652652652652,-0.45603887343641697,12.650342675066673
12.672672672672672,-0.4608430828353795,12.685914303364306
12.692692692692692,-0.42001320128801867,12.704563786590803
12.712712712712712,-0.39100155663061564,12.741699608737438
12.732732732732732,-0.41779342028688404,12.740193779101416
12.752752752752752,-0.4111557527735355,12.753219859075044
12.772772772772772,-0.39890814901546456,12.805174178955493
12.792792792792792,-0.36771354395030376,12.788432210230704
12.812812812812812,-0.3390391892192446,12.769400504616904
12.832832832832834,-0.39097221286443506,12.848749605937229
12.852852852852854,-0.33711883661755737,12.85786177885807
12.872872872872874,-0.3523585705740624,12.872408198655867
12.892892892892894,-0.2731323114231798,12.909376885288811
12.912912912912914,-0.29705468955788367,12.904131834710816
12.932932932932934,-0.29546617929549135,12.890348975148934
12.952952952952954,-0.2694325556607364,12.96986261512259
12.972972972972974,-0.29299833891656457,12.959744635126837
12.992992992992994,-0.2714310305984559,12.973685969096818
13.013013013013014,-0.23390838037189843,12.971324969913244
13.033033033033034,-0.20929469978617538,13.048110134431708
13.053053053053054,-0.21311544605517466,13.003438882853363
13.073073073073074,-0.21445164904739666,13.097731111755127
13.093093093093094,-0.2364350796853627,13.086142624849224
13.113113113113114,-0.1907546323565482,13.12920451914481
13.133133133133134,-0.16686932193429127,13.141212213547846
13.153153153153154,-0.12820879037265306,13.189877669947753
13.173173173173174,-0.12967187428576923,13.180694060565626
13.193193193193194,-0.14135883578771474,13.217001464459068
13.213213213213214,-0.11286784064430858,13.201998129931459
13.233233233233234,-0.08406341406832694,13.201975546326437
13.253253253253254,-0.0649703366908094,13.272602578711755
13.273273273273274,-0.04958646482174713,13.2414953219897
13.293293293293294,-0.04379850819604433,13.308133871352883
13.313313313313314,-0.06474271507931804,13.29181799303696
13.333333333333334,0.004498212340459801,13.338735242017279
13.353353353353354,0.00936227728471756,13.39054324950582
13.373373373373374,0.024648958691730557,13.386531133582038
13.393393393393394,0.08364174863039749,13.389117302231584
13.413413413413414,0.027606325187735297,13.421969341378357
13.433433433433434,0.06646348619627089,13.42289912559451
13.453453453453454,0.05113229394477556,13.499650341895256
13.473473473473474,0.09238490622137721,13.458827765845433
13.493493493493494,0.11820003980719394,13.491310590462268
13.513513513513514,0.10881717031427089,13.524758970951805
13.533533533533534,0.10198488073055571,13.540586077611877
13.553553553553554,0.1799781221119973,13.562877106797501
13.573573573573574,0.14803448717112896,13.563431467965009
13.593593593593594,0.16112928861988762,13.588514340032638
13.613613613613614,0.17548944971049069,13.631939842435106
13.633633633633634,0.16201752847437606,13.650873634641878
13.653653653653654,0.20264528392021175,13.661192609367562
13.673673673673674,0.20117230104884465,13.700246295010663
13.693693693693694,0.2620081442198065,13.712885504208696
13.713713713713714,0.22008871184087636,13.730296135135035
13.733733733733734,0.27166892074010873,13.701628308791083
13.753753753753754,0.2761682474032254,13.76104444353442
13.773773773773774,0.3007471989396802,13.777319001112751
13.793793793793794,0.3083057436609812,13.823266021638856
13.813813813813814,0.33973598624046925,13.756472714738159
13.833833833833834,0.3214743953605765,13.830540813282955
13.853853853853854,0.305257666593944,13.8557375150185
13.873873873873874,0.377614878790237,13.852142516682063
13.893893893893894,0.3715664956205169,13.875577424347966
13.913913913913914,0.36345276818556543,13.943461786597315
13.933933933933934,0.37794133087182,13.943178183714148
13.953953953953954,0.363113781150537,13.991200305181852
13.973973973973974,0.42417631938147643,13.97032397712097
13.993993993993994,0.43505415551788085,13.965797605415037
14.014014014014014,0.4584440444047226,14.007534318504085
14.034034034034034,0.44178798388172413,14.024200921734725
14.054054054054054,0.4451535928965764,14.067947466286622
14.074074074074074,0.47259894001720354,14.087109036902135
14.094094094094094,0.47783173168783205,14.104358090315639
14.114114114114114,0.47996589345360646,14.158708750942305
14.134134134134134,0.46712378166014584,14.159352880605395
14.154154154154154,0.5357802765112173,14.137110978034842
14.174174174174174,0.562743569324408,14.194083979833081
14.194194194194194,0.547109175477232,14.194754637934713
14.214214214214214,0.5326586804054803,14.210026037673423
14.234234234234235,0.5539154005693305,14.262257959734912
14.254254254254255,0.5586137876512031,14.236025381791508
14.274274274274275,0.5801363272334508,14.29269728920217
14.294294294294295,0.585175356102946,14.309204272424795
14.314314314314315,0.574868699794337,14.295734530971703
14.334334334334335,0.5708959202898795,14.301625069365178
14.354354354354355,0.600735520825398,14.352685378689822
14.374374374374375,0.5946946859175443,14.315261997887474
14.394394394394395,0.5858041094080964,14.416811207422459
14.414414414414415,0.6044691778549235,14.421626247967552
14.434434434434435,0.5967116377266122,14.463208544081619
14.454454454454455,0.6281581392556492,14.460255262384125
14.474474474474475,0.6838147221690918,14.504803276486262
14.494494494494495,0.637172827526098,14.482630090797088
14.514514514514515,0.6425404258308858,14.524712479484045
14.534534534534535,0.6524338974127488,14.526629651634465
14.554554554554555,0.689106728315439,14.552270356718997
14.574574574574575,0.7107151846855202,14.576389425849618
14.594594594594595,0.7051236582578405,14.601740983048808
14.614614614614615,0.6931020948878684,14.600122393584261
14.634634634634635,0.6609232240303543,14.643828753734935
14.654654654654655,0.7016532660946742,14.655459784694663
14.674674674674675,0.6597648383633459,14.647469507348887
14.694694694694695,0.6602857435252297,14.659342252435907
14.714714714714715,0.6940778711157117,14.737215593148875
14.734734734734735,0.6944022412939409,14.689526439587977
14.754754754754755,0.6933593266036554,14.751498774822103
14.774774774774775,0.7413190703564863,14.745632016516383
14.794794794794795,0.6935297920288777,14.828911848405687
14.814814814814815,0.7120060707702794,14.826081076285144
14.834834834834835,0.7066795972797718,14.84143370560798
14.854854854854855,0.7210391934850583,14.838665128477
14.874874874874875,0.7238645179554513,14.847414814537164
14.894894894894895,0.7134039724806043,14.89846971416062
14.914914914914915,0.6947607275682113,14.914461209408403
14.934934934934935,0.6946023707419521,14.9135009083977
14.954954954954955,0.6996640848251068,14.932875182247521
14.974974974974975,0.7125922843337272,14.951973265091928
14.994994994994995,0.7194928212072118,14.971365413636418
15.015015015015015,0.6927616710612409,15.00252294685071
15.035035035035035,0.7291426025065558,15.041640833947367
15.055055055055055,0.6966754818272328,15.06502944387645
15.075075075075075,0.6567558857401647,15.074212403282257
15.095095095095095,0.7365594804127436,15.097742025223148
15.115115115115115,0.6953977315406207,15.126077682707958
15.135135135135135,0.7091036825244476,15.095185801277339
15.155155155155155,0.6544201374405937,15.159360980976878
15.175175175175175,0.6703684563893979,15.201415680419574
15.195195195195195,0.6746874141681132,15.156504580480933
15.215215215215215,0.6516826058243874,15.160221694822603
15.235235235235235,0.6681410061228321,15.231467552689947
15.255255255255255,0.6598452357989762,15.27683283603585
15.275275275275275,0.6875479990716178,15.271867506808153
15.295295295295295,0.6158608881772821,15.30764092690514
15.315315315315315,0.6643751855825928,15.321503146718454
15.335335335335335,0.6673489735502729,15.312038773406114
15.355355355355355,0.6820862853166773,15.336166800292517
15.375375375375375,0.6508301655755979,15.341628421487108
15.395395395395395,0.6109201045160626,15.425722768329901
15.415415415415415,0.6177347868741986,15.43221386751807
15.435435435435435,0.6208696037836137,15.433336272315431
15.455455455455455,0.6363382780905885,15.450722278962417
15.475475475475475,0.5661331816737816,15.459410673636441
15.495495495495495,0.6052172773943991,15.503405677622746
15.515515515515515,0.5550596307890032,15.501028665127352
15.535535535535535,0.5667386998849088,15.528226143653251
15.555555555555555,0.5425953822440034,15.542988133393166
15.575575575575575,0.5470534769297808,15.591006240770813
15.595595595595595,0.5690950522063631,15.592679386433819
15.615615615615615,0.5361371690380936,15.618414101856398
15.635635635635635,0.5184937829952498,15.612698993992286
15.655655655655655,0.5066538298654385,15.642959392376227
15.675675675675675,0.4926111491622787,15.678916866856932
15.695695695695695,0.520690551173108,15.663953729679731
15.715715715715715,0.4966115881955567,15.71131699981039
15.735735735735735,0.4927531297830426,15.735476960373664
15.755755755755755,0.44647016010416685,15.730507969778612
15.775775775775776,0.46555921523965565,15.796351394170685
15.795795795795796,0.40992924063257846,15.802710327391827
15.815815815815816,0.46706562983991823,15.812755298291691
15.835835835835836,0.4431597824703953,15.821774454217879
15.855855855855856,0.4184777483002838,15.823437585489692
15.875875875875876,0.3625188691012301,15.89473119190038
15.895895895895896,0.3780824153566803,15.886785338995827
15.915915915915916,0.35827062097630247,15.887716521854237
15.935935935935936,0.37058515978276585,15.921344392053223
15.955955955955956,0.3695338626819749,15.965006724335547
15.975975975975976,0.35615889021736213,15.980747991794544
15.995995995995996,0.36892454369988487,15.974644120615098
16.016016016016017,0.3237625505531426,16.03866981242641
16.036036036036037,0.3375139122277494,16.007600763049147
16.056056056056057,0.2932127407655164,16.083218477973404
16.076076076076077,0.29673814571994733,16.07998133670567
16.096096096096097,0.2692247268938355,16.088420077581944
16.116116116116117,0.2662350121283361,16.111068633616426
16.136136136136138,0.24640687568406863,16.137708110258437
16.156156156156158,0.22038573713204407,16.166798743633787
16.176176176176178,0.2788270169488745,16.140636443389656
16.196196196196198,0.21352893957138347,16.180992394423818
16.216216216216218,0.20502032359831168,16.217147365682774
16.236236236236238,0.19505540965636312,16.259746367766414
16.256256256256258,0.1699407100411218,16.278897302024543
16.276276276276278,0.1054137350379506,16.308085322234597
16.296296296296298,0.1459473011396389,16.3178531634112
16.316316316316318,0.1001394212414019,16.29970091868421
16.336336336336338,0.11349666785506601,16.33599557854959
16.356356356356358,0.10223592142893147,16.378046659574956
16.376376376376378,0.04722808446689164,16.395852757810722
16.396396396396398,0.06862299212329928,16.392320759173906
16.416416416416418,0.024932475690217202,16.426477389783955
16.436436436436438,-0.008051734022883901,16.449404316661212
16.456456456456458,-0.003752174845099876,16.457525614708807
16.476476476476478,0.009555626652961214,16.499867239422354
16.496496496496498,-0.005789823497117815,16.482613725273584
16.516516516516518,-0.026503609318726192,16.54197417189161
16.536536536536538,-0.019793888530872692,16.528823936906075
16.556556556556558,-0.04938479614952844,16.52521301474485
16.576576576576578,-0.0510045267738316,16.541380262422667
16.596596596596598,-0.05783266940045638,16.599169028446422
16.616616616616618,-0.039194946210651206,16.594613905542133
16.636636636636638,-0.10301776524883031,16.6726023906551
16.656656656656658,-0.09112680458777209,16.64273241562506
16.676676676676678,-0.1244192495848509,16.676716663804978
16.696696696696698,-0.1371518215220971,16.682723087977003
16.716716716716718,-0.15841245987876246,16.684755669211185
16.736736736736738,-0.16769592192730057,16.745737150205173
16.756756756756758,-0.18865082455062426,16.72445573894506
16.776776776776778,-0.17796205714914975,16.784067277536636
16.796796796796798,-0.22580400540168816,16.791184787860036
16.816816816816818,-0.2547634213066332,16.79630861426126
16.836836836836838,-0.24888251345210963,16.86140525308244
16.856856856856858,-0.2641971696899632,16.869661130043433
16.876876876876878,-0.27535347906456076,16.881835828093916
16.896896896896898,-0.28048907431507236,16.914358028898754
16.916916916916918,-0.30132011765825734,16.885466351916868
16.936936936936938,-0.3311091202446889,16.926299387058084
16.956956956956958,-0.34117596097546543,16.96516119727055
16.976976976976978,-0.33810801870045076,17.024469107977506
16.996996996996998,-0.37601306451102,17.001069660571194
17.017017017017018,-0.37614717835713385,17.007148990209366
17.037037037037038,-0.36294736061804866,16.990529609539553
17.057057057057058,-0.3730802614764817,17.09511520630254
17.077077077077078,-0.39877515813209763,17.08227323421319
17.097097097097098,-0.38094137682491946,17.093818027096557
17.117117117117118,-0.42463154128953123,17.071602389042685
17.137137137137138,-0.41159952045265935,17.134873768942562
17.157157157157158,-0.45590990641163875,17.15968909136271
17.177177177177178,-0.45839212458769074,17.166608654554867
17.197197197197198,-0.4454759432078299,17.17042954897072
17.217217217217218,-0.44735530907382937,17.18926349395485
17.237237237237238,-0.49206780190511773,17.27569616111857
17.25725725725726,-0.46658693379593075,17.259209337107166
17.27727727727728,-0.5180688494032086,17.26669183114328
17.2972972972973,-0.507716858844683,17.29804776194409
17.31731731731732,-0.5207198303048169,17.316700667035633
17.33733733733734,-0.532701989910739,17.308497762624537
17.35735735735736,-0.5480449958889795,17.375649838437095
17.37737737737738,-0.5741662511285459,17.373586267146592
17.3973973973974,-0.5720602781839101,17.39962440598536
17.41741741741742,-0.5720807932900918,17.44696529071691
17.43743743743744,-0.5625932280470468,17.411201374121895
17.45745745745746,-0.5674875512949722,17.441964420332216
17.47747747747748,-0.6004064377982388,17.48375385787962
17.4974974974975,-0.606419846893065,17.51535461382396
17.51751751751752,-0.6195543830416316,17.50513858646569
17.53753753753754,-0.6244287813057153,17.526224762570436
17.55755755755756,-0.5963097127056912,17.570133483429764
17.57757757757758,-0.5908390406972425,17.622930461655564
17.5975975975976,-0.652146127929405,17.599005980144145
17.61761761761762,-0.6612965505866202,17.602065499062654
17.63763763763764,-0.6563593407743454,17.61649454015487
17.65765765765766,-0.6705225724263751,17.654771970087253
17.67767767767768,-0.6792860252986441,17.694520216860433
17.6976976976977,-0.6785110605564528,17.753889077099625
17.71771771771772,-0.6741234299568143,17.71915807055606
17.73773773773774,-0.695675753972518,17.77185957290029
17.75775775775776,-0.6517836700076702,17.76369607517248
17.77777777777778,-0.7052442868007793,17.78199111533227
17.7977977977978,-0.7045995519182626,17.827044903067264
17.81781781781782,-0.6695763263343762,17.81972659858757
17.83783783783784,-0.7378021791486553,17.818169518264657
17.85785785785786,-0.678357714822264,17.88211553169232
17.87787787787788,-0.6726904229411518,17.846037617833048
17.8978978978979,-0.6913251584632634,17.918208202227557
17.91791791791792,-0.7327258088054198,17.917759827610453
17.93793793793794,-0.6960047669989468,17.931922646241006
17.95795795795796,-0.7401662247850004,17.951443995756485
17.97797797797798,-0.7110286665844558,17.975016529887025
17.997997997998,-0.7168292081505749,17.989137754933168
18.01801801801802,-0.7071483464954834,18.02686711011741
18.03803803803804,-0.7129540996317473,18.029845059470677
18.05805805805806,-0.7052465247709633,18.019639739540157
18.07807807807808,-0.6974975490813471,18.07806681613562
18.0980980980981,-0.7059056541519544,18.11731278424999
18.11811811811812,-0.745133872240444,18.07864144072094
18.13813813813814,-0.6996965351550533,18.13799580103557
18.15815815815816,-0.7005814984980943,18.14891561665471
18.17817817817818,-0.6892282398222712,18.196830955038003
18.1981981981982,-0.6910843842309138,18.192981629030108
18.21821821821822,-0.7408856777307169,18.233602942378962
18.23823823823824,-0.6719851328002491,18.25112940647792
18.25825825825826,-0.7114212535441047,18.271734146131614
18.27827827827828,-0.673748432155053,18.30945460323426
18.2982982982983,-0.7053349189050152,18.293769206607415
18.31831831831832,-0.6694453060897747,18.31946651974708
18.33833833833834,-0.7030410296231822,18.346630664038873
18.35835835835836,-0.665152161715278,18.360117616284978
18.37837837837838,-0.6680933901084397,18.373204260344664
18.3983983983984,-0.6384096799550164,18.380384554724145
18.41841841841842,-0.6749441268397224,18.41863812868897
18.43843843843844,-0.64057528274369,18.40849097503655
18.45845845845846,-0.6790531704979768,18.417703888303766
18.47847847847848,-0.6466245496218981,18.45611236213435
18.4984984984985,-0.6491412528707791,18.511726062296333
18.51851851851852,-0.6481958164989565,18.523144158973388
18.53853853853854,-0.6350117858579222,18.551980824840467
18.55855855855856,-0.612930426106181,18.544719884635068
18.57857857857858,-0.6189645179478119,18.59945344653299
18.5985985985986,-0.6006357195850178,18.570659357443578
18.61861861861862,-0.588058789931605,18.596926406169896
18.63863863863864,-0.565347841619974,18.65912061543546
18.65865865865866,-0.579989437714214,18.661803315527383
18.67867867867868,-0.5819220603759081,18.69224915770668
18.6986986986987,-0.5768796956986939,18.703410096111497
18.71871871871872,-0.5435199276096149,18.707482587848208
18.73873873873874,-0.5645521262421547,18.71485142912425
18.75875875875876,-0.5645660565472059,18.72219085252993
18.77877877877878,-0.5195106181384499,18.814957069620434
18.7987987987988,-0.49621714365776837,18.76627710902627
18.81881881881882,-0.5006328541128261,18.84726094581729
18.83883883883884,-0.5144659142604465,18.84086778745184
18.85885885885886,-0.53548481352037,18.86419358221839
18.87887887887888,-0.5063968640365382,18.882871579237108
18.8988988988989,-0.5059540117265126,18.90975606338845
18.91891891891892,-0.44365371733245196,18.903255321684615
18.93893893893894,-0.476110417511725,18.89581847808794
18.95895895895896,-0.4477465258649981,18.94732708027333
18.97897897897898,-0.4623076163476992,18.988039354105222
18.998998998999,-0.42898275348852377,18.977484279826093
19.01901901901902,-0.41960258818138596,19.040445109797613
19.03903903903904,-0.38481646945527653,19.03643851780907
19.05905905905906,-0.37269811311856793,19.035840819931323
19.07907907907908,-0.37248348051106256,19.08202552568881
19.0990990990991,-0.3704287359158019,19.10780826581825
19.11911911911912,-0.36439710126274905,19.129315533274642
19.13913913913914,-0.3253678929054306,19.0807959415252
19.15915915915916,-0.30008076266041006,19.098206507852105
19.17917917917918,-0.32355985589005126,19.199686139864333
19.1991991991992,-0.30481186826234447,19.16987547954981
19.21921921921922,-0.30744851197306683,19.239757334145633
19.23923923923924,-0.31099704324279,19.26181906125848
19.25925925925926,-0.2605529347053163,19.23541135265041
19.27927927927928,-0.2578931499711585,19.258934792457246
19.2992992992993,-0.21558761439537785,19.313947855494558
19.31931931931932,-0.253883262385267,19.31124747694893
19.33933933933934,-0.22326370060926687,19.365209538708527
19.35935935935936,-0.2194193554135939,19.39144394145306
19.37937937937938,-0.1794235353716353,19.356140691251777
19.3993993993994,-0.17857174818080845,19.383367022584032
19.41941941941942,-0.17672111532716386,19.421315956614027
19.43943943943944,-0.16192893014230195,19.395832115264675
19.45945945945946,-0.13105096415369952,19.4234023355311
19.47947947947948,-0.12453798804842868,19.461297421707414
19.4994994994995,-0.11291254396641628,19.5395187615313
19.51951951951952,-0.0803151717201533,19.524426939699428
19.53953953953954,-0.10289390795213266,19.5264602768668
19.55955955955956,-0.04895542900759702,19.5390689813013
19.57957957957958,-0.02097441857516423,19.555525647861558
19.5995995995996,-0.030721506950623294,19.58787856680009
19.61961961961962,-0.007556261582247776,19.606809818182512
19.63963963963964,-0.0021046920833802107,19.63491703780408
19.65965965965966,0.00277995297366832,19.6693615370296
19.67967967967968,0.036383001283551125,19.677907400774618
19.6996996996997,0.037140921104646424,19.7156305803101
19.71971971971972,0.055149921581646964,19.7135857739632
19.73973973973974,0.07605293286715276,19.77367147339916
19.75975975975976,0.06121489240518088,19.775156897620867
19.77977977977978,0.06418619949789037,19.784125242944352
19.7997997997998,0.14753798337946608,19.809573170289145
19.81981981981982,0.13338902578069842,19.808610830443758
19.83983983983984,0.1444855735606414,19.83479858353177
19.85985985985986,0.14197554472195598,19.85406234755036
19.87987987987988,0.17542994523839053,19.864535538509266
19.8998998998999,0.16903521062807536,19.872695031148055
19.91991991991992,0.20659966122413345,19.93082638515926
19.93993993993994,0.21696301241791432,19.959243349794512
19.95995995995996,0.22754670066100935,19.967800178707275
19.97997997997998,0.24523514724667198,19.978149179591615
20.0,0.24181516116090027,20.044283052315837
